No.	学期	開講	曜日・時限	時間割コード	科目	担当教員
1	前学期	前学期	月1	21018131	キャリア教育基礎	松木・皆川
2	前学期	前学期	月1	21018132	キャリア教育リーダー	皆川・松木
3	前学期	前学期	月1	21122116	電気・電子回路	水戸　和幸
4	前学期	前学期	月1	21122117	電気・電子回路	板倉　直明
5	前学期	前学期	月1	21224138	航空宇宙工学（Ⅱ類）	○佐藤・○山口（功）
6	前学期	前学期	月1	21324141	航空宇宙工学（Ⅲ類）	○佐藤・○山口（功）
7	前学期	前学期	月1, 月2	21322109	基礎電磁気学および演習	白川　晃
8	前学期	前学期	月1, 月2	21322110	基礎電磁気学および演習	渡邊　昌良
9	前学期	前学期	月1, 月2	21322111	基礎電磁気学および演習	中村　淳
10	前学期	前学期	月1, 月2	21322112	基礎電磁気学および演習	斎藤　弘樹
11	前学期	前学期	月2	21012161	独語第一	伊藤　みどり
12	前学期	前学期	月2	21012162	独語第一	渡辺　和典
13	前学期	前学期	月2	21012163	独語第一	白木　和美
14	前学期	前学期	月2	21012167	仏語第一	坂井　由加里
15	前学期	前学期	月2	21012169	露語第一	金沢　友緒
16	前学期	前学期	月2	21012171	中国語第一	中村　孝子
17	前学期	前学期	月2	21012172	中国語第一	鷲巣　益美
18	前学期	前学期	月2	21012173	中国語第一	小幡　敏行
19	前学期	前学期	月2	21012174	中国語第一	木村　奈津子
20	前学期	前学期	月2	21012179	韓国朝鮮語第一	金　恵珍
21	前学期	前学期	月2	21012192	中国語第一	孫　月鶯
22	前学期	前学期	月2	21018119	コンピュータリテラシー（クラス９）	江木　啓訓
23	前学期	前学期	月2	21018120	コンピュータリテラシー（クラス１０）	栗原　正純
24	前学期	前学期	月2	21019153	化学概論第一（クラス３）	山北　佳宏
25	前学期	前学期	月2	21019154	化学概論第一（クラス４）	吉永　裕介
26	前学期	前学期	月2	21019155	化学概論第一（クラス５）	小林　義男
27	前学期	前学期	月2	21122105	計算機通論	小宮　常康
28	前学期	前学期	月2	21122107	論理設計学	佐藤　証
29	前学期	前学期	月2	21122115	情報領域演習第二	湯・関・宇都
30	前学期	前学期	月2	21124109	メディア分析法	坂本　真樹
31	前学期	前学期	月2	21222102	応用数学Ａ（Ｉエリア）	萓野　良樹
32	前学期	前学期	月2	21222108	基礎電気回路（Mエリア）	内田　雅文
33	前学期	前学期	月2	21222111	基礎電磁気学（Ｉエリア）	芳原　容英
34	前学期	前学期	月2	21222113	基礎演習Ａ（Ｉエリア）	張（熙）・細川（敬）・田中（久）
35	前学期	前学期	月2	21224129	設計基礎工学（Ⅱ類）	結城　宏信
36	前学期	前学期	月2	21324103	設計基礎工学（Ⅲ類）	結城　宏信
37	前学期	前学期	月2, 月3	21124102	プログラミング言語実験	柏原・織田・庄野・若月
38	前学期	前学期	月3	21012164	独語第一	伊藤　みどり
39	前学期	前学期	月3	21012165	独語第一	渡辺　和典
40	前学期	前学期	月3	21012166	独語第一	白木　和美
41	前学期	前学期	月3	21012168	仏語第一	坂井　由加里
42	前学期	前学期	月3	21012170	露語第一	山田　徹也
43	前学期	前学期	月3	21012175	中国語第一	中村　孝子
44	前学期	前学期	月3	21012176	中国語第一	鷲巣　益美
45	前学期	前学期	月3	21012177	中国語第一	小幡　敏行
46	前学期	前学期	月3	21012178	中国語第一	木村　奈津子
47	前学期	前学期	月3	21012180	韓国朝鮮語第一	金　恵珍
48	前学期	前学期	月3	21012193	中国語第一	孫　月鶯
49	前学期	前学期	月3	21122103	確率論	天野　友之
50	前学期	前学期	月3	21124110	メディアリテラシー	兒玉　幸子
51	前学期	前学期	月3	21222101	応用数学Ａ（Ｉエリア）	田中　久陽
52	前学期	前学期	月3	21222107	基礎電気回路（Ｉエリア）	石川　亮
53	前学期	前学期	月3	21222112	基礎電磁気学（Mエリア）	稲葉　敬之
54	前学期	前学期	月3	21222114	基礎演習Ａ（Ｉエリア）	西（一）・肖・萱野
55	前学期	前学期	月3	21224114	情報理論	大濱　靖匡
56	前学期	前学期	月3	21224116	信号処理論	張　熙
57	前学期	前学期	月3	21224135	画像処理工学	小田　弘
58	前学期	前学期	月3	21322107	熱力学	尾関　之康
59	前学期	前学期	月3	21322108	熱力学	松林　和幸
60	前学期	前学期	月3	21322119	数値解析	久保木　孝
61	前学期	前学期	月3	21324104	熱力学応用	大川　富雄
62	前学期	前学期	月3	21324137	機器分析学	平野（誉）・安井・三瓶
63	前学期	前学期	月3, 月4	21018102	基礎科学実験A	奥野・小野・饗庭・西岡・尚・○吉村・*高田
64	前学期	前学期	月3, 月4	21018105	基礎科学実験B	石田　尚行
65	前学期	前学期	月3, 月4	21224126	熱力学および演習	正本　和人
66	前学期	前学期	月4	21012195	独語第一（再履）	宇田川　尚人
67	前学期	前学期	月4	21012196	仏語第一（再履）	坂井　由加里
68	前学期	前学期	月4	21012197	露語第一（再履）	山田　徹也
69	前学期	前学期	月4	21012198	中国語第一（再履）	鷲巣　益美
70	前学期	前学期	月4	21012199	韓国朝鮮語第一（再履）	姜　勝薫
71	前学期	前学期	月4	21013131	英語演習（Advanced)	Hauser　Eric
72	前学期	前学期	月4	21013146	独語演習	中橋　誠
73	前学期	前学期	月4	21013152	露語演習	金沢　友緒
74	前学期	前学期	月4	21013154	中国語演習	范　建明
75	前学期	前学期	月4	21013155	中国語演習	孫　月鶯
76	前学期	前学期	月4	21018115	コンピュータリテラシー（クラス５）	大須賀　昭彦・*竹内　純人
77	前学期	前学期	月4	21018116	コンピュータリテラシー（クラス６）	田中　基康
78	前学期	前学期	月4	21019103	微分積分学第一（クラス３）	田原　康之
79	前学期	前学期	月4	21019104	微分積分学第一（クラス４）	谷口　淳子
80	前学期	前学期	月4	21124113	多変量解析	椿　美智子
81	前学期	前学期	月4	21224118	量子力学	斎藤　弘樹
82	前学期	前学期	月4	21224134	集積回路学	石川　亮
83	前学期	前学期	月4	21324119	論理回路学	一色　秀夫
84	前学期	前学期	月4	21324126	生体計測工学	白川　英樹
85	前学期	前学期	月4	21324129	解析力学	松林　和幸
86	前学期	前学期	月4	21324142	環境工学	Choo・Vhora
87	前学期	前学期	月5	21016116	外国語とその運用A 【独語】	中橋　誠
88	前学期	前学期	月5	21016117	外国語とその運用A 【仏語】	平野　奈津恵
89	前学期	前学期	月5	21016118	外国語とその運用A 【露語】	金沢　友緒
90	前学期	前学期	月5	21016119	外国語とその運用A 【中国語】	范　建明
91	前学期	前学期	月5	21016120	外国語とその運用A 【韓国朝鮮語】	姜　勝薫
92	前学期	前学期	月5	21016123	外国語との対比による日本語表現	宇田川　尚人
93	前学期	前学期	月5	21016124	日本語とコミュニケーションA	笠原・内藤
94	前学期	前学期	月5	21016129	身体運動のバイオメカニクス	岡田　英孝
95	前学期	前学期	月5	21017112	Advanced Communication Engineering and Informatics Ⅱ（Optical Communication Engineering）（学域）	來住　直人
96	前学期	前学期	月5	21025102	教育心理学	青山　征彦
97	前学期	前学期	月5, 月6	21025121	地学実験（Ⅱ類・Ｍ）	白井　正明
98	前学期	前学期	月5, 月6	21025122	地学実験（Ⅲ類・Ｓ）	白井　正明
99	前学期	前学期	月3, 月4, 水3, 水4	21124115	情報数理工学実験第一	中山（泰）・赤池・湯・成見・八巻・伊藤（毅）・小山・高橋（里）・○対馬・○馬谷
100	前学期	前学期	月3, 月4, 水3, 水4	21124124	コンピュータサイエンス実験第一	中山（泰）・赤池・湯・成見・八巻・伊藤（毅）・小山・高橋（里）・○対馬・○馬谷
101	前学期	前学期	月2, 木2	21013181	日本語第一（１年）（月２・木２）	内藤・笠原
102	前学期	前学期	月3, 木2	21013182	日本語第一（１年）（月３・木２）	内藤・笠原
103	前学期	前学期	火1	21012131	Academic Spoken English Ⅰ（火1・A）	奥　浩昭
104	前学期	前学期	火1	21012132	Academic Spoken English Ⅰ（火1・B）	Arnold, Lee
105	前学期	前学期	火1	21012133	Academic Spoken English Ⅰ（火1・C）	Prumel Barbudo
106	前学期	前学期	火1	21012134	Academic Spoken English Ⅰ（火1・D）	MOREAU ROBERT
107	前学期	前学期	火1	21012135	Academic Spoken English Ⅰ（火1・E）	Derr, Jonathan
108	前学期	前学期	火1	21012136	Academic Spoken English Ⅰ（火1・F）	Sean Thornton
109	前学期	前学期	火1	21013101	Academic English for the Second Year Ⅰ（Ⅰ類・A）	大石　由紀子
110	前学期	前学期	火1	21013102	Academic English for the Second Year Ⅰ（Ⅰ類・C）	中田　真巳子
111	前学期	前学期	火1	21013103	Academic English for the Second Year Ⅰ（Ⅰ類・B）	Eric Hauser
112	前学期	前学期	火1	21013104	Academic English for the Second Year Ⅰ（Ⅰ類・D）	本多　幸七郎
113	前学期	前学期	火1	21013105	Academic English for the Second Year Ⅰ（Ⅰ類・E）	HIGUCHI SONIA
114	前学期	前学期	火1	21013106	Academic English for the Second Year Ⅰ（Ⅰ類・F）	岩崎　峻一
115	前学期	前学期	火1	21013107	Academic English for the Second Year Ⅰ（Ⅰ類・G）	ｽﾃｲｰﾌﾞﾝ ﾀﾛｳ ｽｽﾞｷ
116	前学期	前学期	火1	21013108	Academic English for the Second Year Ⅰ（Ⅰ類・I）	Scott Mclellan
117	前学期	前学期	火1	21013125	Academic English for the Second Year Ⅰ（Ⅰ類・H）	Mulia Teguh Nguyen
118	前学期	前学期	火1	21017101	UEC Academic Skills Ⅰ (Computer Literacy) （言語文化）	Choo　Cheow　Keong
119	前学期	前学期	火1	21017105	UEC Academic Skills Ⅰ (Computer Literacy) （上級科目）	Choo　Cheow　Keong
120	前学期	前学期	火1	21018111	コンピュータリテラシー（クラス１）	西　康晴
121	前学期	前学期	火1	21019107	微分積分学第一（クラス７）	林　誠
122	前学期	前学期	火1	21019144	物理学概論第一（クラス８）	野村　英之
123	前学期	前学期	火1	21024103	基礎物理学演習第一	Hans-Georg Matuttis
124	前学期	前学期	火1	21124119	ヒューマンインタフェース	南　泰浩
125	前学期	前学期	火1	21222120	離散数学	太田　和夫
126	前学期	前学期	火1	21222126	波動と光	木寺　正平
127	前学期	前学期	火1	21324120	量子力学第一	斎藤　弘樹
128	前学期	前学期	火1, 火2	21224121	基礎制御工学および演習（Ⅱ類）	金子　修
129	前学期	前学期	火1, 火2	21324108	基礎制御工学および演習（Ⅲ類）	金子　修
130	前学期	前学期	火2	21012137	Academic Spoken English Ⅰ（火2・A）	奥　浩昭
131	前学期	前学期	火2	21012138	Academic Spoken English Ⅰ（火2・B）	Atsuko Marie Jeffreys
132	前学期	前学期	火2	21012139	Academic Spoken English Ⅰ（火2・C）	Eric Hauser
133	前学期	前学期	火2	21012140	Academic Spoken English Ⅰ（火2・D）	Derr, Jonathan
134	前学期	前学期	火2	21012141	Academic Spoken English Ⅰ（火2・E）	MOREAU ROBERT
135	前学期	前学期	火2	21012142	Academic Spoken English Ⅰ（火2・F）	Sean Thornton
136	前学期	前学期	火2	21013109	Academic English for the Second Year Ⅰ（Ⅱ類・A）	大石　由紀子
137	前学期	前学期	火2	21013110	Academic English for the Second Year Ⅰ（Ⅱ類・B）	中田　真巳子
138	前学期	前学期	火2	21013111	Academic English for the Second Year Ⅰ（Ⅱ類・C）	本多　幸七郎
139	前学期	前学期	火2	21013112	Academic English for the Second Year Ⅰ（Ⅱ類・D）	HIGUCHI SONIA
140	前学期	前学期	火2	21013113	Academic English for the Second Year Ⅰ（Ⅱ類・E）	Arnold, Lee
141	前学期	前学期	火2	21013114	Academic English for the Second Year Ⅰ（Ⅱ類・F）	ｽﾃｲｰﾌﾞﾝ ﾀﾛｳ ｽｽﾞｷ
142	前学期	前学期	火2	21013115	Academic English for the Second Year Ⅰ（Ⅱ類・G）	Mulia Teguh Nguyen
143	前学期	前学期	火2	21013116	Academic English for the Second Year Ⅰ（Ⅱ類・H）	岩崎　峻一
144	前学期	前学期	火2	21013126	Academic English for the Second Year Ⅰ（Ⅱ類・Ｉ）	Scott Mclellan
145	前学期	前学期	火2	21014111	生涯スポーツ演習Ａ（Ⅰ類）	○田中（茂）・○泉水・○宮崎・○大辻・○八幡
146	前学期	前学期	火2	21017102	UEC Academic Skills II (Information Literacy and Research) （言語文化）	Choo　Cheow　Keong
147	前学期	前学期	火2	21017106	UEC Academic Skills II (Information Literacy and Research) （上級科目）	Choo　Cheow　Keong
148	前学期	前学期	火2	21019108	微分積分学第一（クラス８）	林　誠
149	前学期	前学期	火2	21019109	微分積分学第一（クラス９）	山口　耕平
150	前学期	前学期	火2	21019139	物理学概論第一（クラス３）	松浦　基晴
151	前学期	前学期	火2	21019146	物理学概論第一（クラス１０）	大淵　泰司
152	前学期	前学期	火2	21019147	物理学概論第一（クラス１１）	小池　卓二
153	前学期	前学期	火2	21019148	物理学概論第一（クラス１２）	田中　一男
154	前学期	前学期	火2	21019152	化学概論第一（クラス７）	平野　誉
155	前学期	前学期	火2	21019156	化学概論第一（クラス６）	山登　正文
156	前学期	前学期	火2	21124116	数値解析	山本　野人
157	前学期	前学期	火2	21224110	電磁気学第二	芳原　容英
158	前学期	前学期	火2	21322105	熱力学	安井　正憲
159	前学期	前学期	火2	21322106	熱力学	大川　富雄
160	前学期	前学期	火2	21322120	数値解析	高田　昌之
161	前学期	前学期	火2	21324121	量子力学第一演習	森永・森下
162	前学期	前学期	火2	21324124	基礎量子工学	桂川　眞幸
163	前学期	前学期	火2	21324133	物理化学第一	山北　佳宏
164	前学期	前学期	火2, 火3	21124101	プログラミング言語実験	柏原・織田・庄野・若月
165	前学期	前学期	火3	21012143	Academic Spoken English Ⅰ（火3・A）	奥　浩昭
166	前学期	前学期	火3	21012144	Academic Spoken English Ⅰ（火3・B）	Joseph Robert Tabolt
167	前学期	前学期	火3	21012145	Academic Spoken English Ⅰ（火3・C）	Sean Thornton
168	前学期	前学期	火3	21012146	Academic Spoken English Ⅰ（火3・D）	Neil G. Roy
169	前学期	前学期	火3	21012147	Academic Spoken English Ⅰ（火3・E）	MOREAU ROBERT
170	前学期	前学期	火3	21012148	Academic Spoken English Ⅰ（火3・F）	Derr, Jonathan
171	前学期	前学期	火3	21013117	Academic English for the Second Year Ⅰ（Ⅲ類・A）	Eric Hauser
172	前学期	前学期	火3	21013118	Academic English for the Second Year Ⅰ（Ⅲ類・C）	Arnold, Lee
173	前学期	前学期	火3	21013119	Academic English for the Second Year Ⅰ（Ⅲ類・B）	Mulia Teguh Nguyen
174	前学期	前学期	火3	21013120	Academic English for the Second Year Ⅰ（Ⅲ類・D）	本多　幸七郎
175	前学期	前学期	火3	21013121	Academic English for the Second Year Ⅰ（Ⅲ類・E）	ｽﾃｲｰﾌﾞﾝ ﾀﾛｳ ｽｽﾞｷ
176	前学期	前学期	火3	21013122	Academic English for the Second Year Ⅰ（Ⅲ類・F）	HIGUCHI SONIA
177	前学期	前学期	火3	21013123	Academic English for the Second Year Ⅰ（Ⅲ類・G）	中田　真巳子
178	前学期	前学期	火3	21013124	Academic English for the Second Year Ⅰ（Ⅲ類・H）	Prumel Barbudo
179	前学期	前学期	火3	21013127	Academic English for the Second Year Ⅰ（Ⅲ類・Ｉ）	Scott Mclellan
180	前学期	前学期	火3	21014112	生涯スポーツ演習Ａ（Ⅱ類）	○田中（茂）・○泉水・○宮崎・○大辻・○八幡
181	前学期	前学期	火3	21018112	コンピュータリテラシー（クラス２）	栗原　正純
182	前学期	前学期	火3	21019101	微分積分学第一（クラス１）	山口　耕平
183	前学期	前学期	火3	21019105	微分積分学第一（クラス５）	石田　晴久
184	前学期	前学期	火3	21019111	微分積分学第一（クラス１１）	榎本　直也
185	前学期	前学期	火3	21019122	線形代数学第一（クラス１０）	山田　裕一
186	前学期	前学期	火3	21019140	物理学概論第一（クラス４）	横井　浩史
187	前学期	前学期	火3	21019142	物理学概論第一（クラス６）	伏屋　雄紀
188	前学期	前学期	火3	21019145	物理学概論第一（クラス９）	來住　直人
189	前学期	前学期	火3	21122101	確率論	山本　渉
190	前学期	前学期	火3	21122111	プログラミング通論	橋本　直己
191	前学期	前学期	火3	21122112	プログラミング通論	久野　靖
192	前学期	前学期	火3	21124121	データベース論	兼岩　憲
193	前学期	前学期	火3	21224115	情報理論	川端・八木
194	前学期	前学期	火3	21224117	信号処理論	高橋　弘太
195	前学期	前学期	火3	21324115	電気回路	酒井　剛
196	前学期	前学期	火3	21324125	電磁波工学（Ⅲ類）	米田　仁紀
197	前学期	前学期	火3, 火4	21224123	マシンデザインＡ（Ⅱ類）	増田・○森田・○西浦・○千葉（和）・○関田
198	前学期	前学期	火3, 火4	21324102	マシンデザインA（Ⅲ類）	増田・○森田・○西浦・○千葉（和）・○関田
199	前学期	前学期	火4	21012149	Academic Spoken English Ⅰ（火4・B）	Scott Mclellan
200	前学期	前学期	火4	21012150	Academic Spoken English Ⅰ（火4・C）	Prumel Barbudo
201	前学期	前学期	火4	21012151	Academic Spoken English Ⅰ（火4・A）	Atsuko Marie Jeffreys
202	前学期	前学期	火4	21012152	Academic Spoken English Ⅰ（火4・D）	Joseph Robert Tabolt
203	前学期	前学期	火4	21012153	Academic Spoken English Ⅰ（火4・E）	松本　恵美子
204	前学期	前学期	火4	21012154	Academic Spoken English Ⅰ（火4・F）	Neil G. Roy
205	前学期	前学期	火4	21014113	生涯スポーツ演習Ａ（Ⅲ類）	○田中（茂）・○泉水・○宮崎・○大辻・○八幡
206	前学期	前学期	火4	21019137	物理学概論第一（クラス１）	村中　隆弘
207	前学期	前学期	火4	21019138	物理学概論第一（クラス２）	守　裕也
208	前学期	前学期	火4	21019141	物理学概論第一（クラス５）	田中　久陽
209	前学期	前学期	火4	21019143	物理学概論第一（クラス７）	古川　裕介
210	前学期	前学期	火4	21019158	化学概論第一（クラス８）	牧　昌次郎
211	前学期	前学期	火4	21019159	化学概論第一（クラス９）	安井　正憲
212	前学期	前学期	火4	21019160	化学概論第一（クラス１０）	樫森　与志喜
213	前学期	前学期	火4	21019161	化学概論第一（クラス１１）	加固　昌寛
214	前学期	前学期	火4	21019162	化学概論第一（クラス１２）	桑原　大介
215	前学期	前学期	火4	21122118	複素関数論（Ⅰ類）	南　泰浩
216	前学期	前学期	火4	21124103	オペレーティングシステム論	中山　泰一
217	前学期	前学期	火4	21222104	応用数学Ａ（Mエリア）	阪口　豊
218	前学期	前学期	火4	21222106	基礎電気回路（Ｉエリア）	西　一樹
219	前学期	前学期	火4	21222109	基礎電磁気学（Ｉエリア）	細川　敬祐
220	前学期	前学期	火4	21222115	基礎演習Ａ（Ｉエリア）	石川（亮）・芳原・佐藤（俊）
221	前学期	前学期	火4	21224107	コンピュータネットワーク	高田　哲司
222	前学期	前学期	火4	21324116	電気回路演習	酒井・張（贇）
223	前学期	前学期	火4	21324136	細胞生物工学	白川　英樹
224	前学期	前学期	火5	21016127	情報と職業	赤澤　紀子
225	前学期	前学期	火5	21016128	日本の科学と技術A	中井　日佐司・Choo Cheow Keong
226	前学期	前学期	火5	21016130	運動と筋の科学	狩野　豊
227	前学期	前学期	火5	21016131	エイジングの健康科学	安藤　創一
228	前学期	前学期	火5	21016132	日常生活の対人関係	川口　容子
229	前学期	前学期	火5	21025101	教職論A	武石　典史
230	前学期	前学期	火5	21025125	幾何学概論（Ⅱ類）	山口　耕平
231	前学期	前学期	水1	21011102	倫理学Ａ	増山　浩人
232	前学期	前学期	水1	21011103	心理学Ａ	久野　雅樹
233	前学期	前学期	水1	21011106	文学Ａ	常田　槙子
234	前学期	前学期	水1	21011107	美術Ａ	久々湊　直子
235	前学期	前学期	水1	21011108	音楽Ａ	長岡　英
236	前学期	前学期	水1	21011116	技術史	佐藤　賢一
237	前学期	前学期	水1	21013185	日本文化Ｃ	小山　慎治
238	前学期	前学期	水1	21014114	生涯スポーツ演習Ａ（３年生以上・再履）	狩野・○平田
239	前学期	前学期	水1	21017108	Introduction to Computational Methods in Science and Engineering	Hans-Georg Matuttis
240	前学期	前学期	水1	21017109	Advanced Engineering Science Ⅰ（Modern Optics and Photonics）（学域）	富田　康生
241	前学期	前学期	水1	21018113	コンピュータリテラシー（クラス３）	寺田・村尾
242	前学期	前学期	水1	21018121	コンピュータリテラシー（クラス１１）	久野　靖
243	前学期	前学期	水1	21018140	ベンチャービジネス概論	安部　博文
244	前学期	前学期	水1	21019102	微分積分学第一（クラス２）	羽賀　淳一
245	前学期	前学期	水1	21019124	線形代数学第一（クラス１２）	大野　真裕
246	前学期	前学期	水1	21019151	化学概論第一（クラス１）	加固　昌寛
247	前学期	前学期	水1	21024101	基礎数学演習第一	濱野　哲子
248	前学期	前学期	水1	21224136	音響工学	野村　英之
249	前学期	前学期	水2	21011101	哲学Ａ	武笠　行雄
250	前学期	前学期	水2	21011105	科学史Ａ	佐藤　賢一
251	前学期	前学期	水2	21011110	社会学Ａ	渡辺　彰規
252	前学期	前学期	水2	21011115	文化人類学Ａ	森　雅文
253	前学期	前学期	水2	21014115	生涯スポーツ演習Ａ（３年生以上・再履）	星野・○平田
254	前学期	前学期	水2	21016104	日本の内政と外交	米山　忠寛
255	前学期	前学期	水2	21016105	王朝物語の精神史	常田　槙子
256	前学期	前学期	水2	21018114	コンピュータリテラシー（クラス４）	柏原　昭博
257	前学期	前学期	水2	21018122	コンピュータリテラシー（クラス１２）	若月　光夫・*笹倉　理子
258	前学期	前学期	水2	21019110	微分積分学第一（クラス１０）	羽賀　淳一
259	前学期	前学期	水2	21019118	線形代数学第一（クラス６）	大野　真裕
260	前学期	前学期	水2	21024107	基礎数学演習第一	濱野　哲子
261	前学期	前学期	水2	21124108	コミュニケーション論	久野（雅）・大河原
262	前学期	前学期	水2	21124118	言語処理系論	岩崎　英哉
263	前学期	前学期	水2	21224105	メディアネットワーク	吉浦　裕
264	前学期	前学期	水2	21224111	回路システム学第二	和田　光司
265	前学期	前学期	水2	21224125	加工学および演習（Ⅱ類）	森重・久保木・梶川
266	前学期	前学期	水2	21324106	加工学および演習（Ⅲ類）	久保木・森重・梶川
267	前学期	前学期	水2, 水3, 水4	21324113	電子工学実験第一（水曜）	小野（洋）・守屋・坂本・永井
268	前学期	前学期	水2, 水3, 水4	21324122	光工学実験第一（水曜）	白川（晃）・浅原・張(贇)・庄司
269	前学期	前学期	水2, 水3, 水4	21324127	物理工学実験第一（水曜）	谷口・宮本・岩國
270	前学期	前学期	水2, 水3, 水4	21324131	化学生命工学実験第一	三瓶・牧・仲村・畑中・平田・○田中（昌）・*菅
271	前学期	前学期	水3	21016103	人間と外交	米山　忠寛
272	前学期	前学期	水3	21019125	数学演習第一（クラス１）	齋藤　平和
273	前学期	前学期	水3	21019126	数学演習第一（クラス２）	伊東　裕也
274	前学期	前学期	水3	21019127	数学演習第一（クラス３）	佐藤　光樹
275	前学期	前学期	水3	21019133	数学演習第一（クラス９）	伊藤　賢一
276	前学期	前学期	水3	21019135	数学演習第一（クラス１１）	関根　正幸
277	前学期	前学期	水3	21019136	数学演習第一（クラス１２）	三好　啓也
278	前学期	前学期	水3	21019163	物理学演習第一	鈴木（勝）・佐々木（成）・中村（仁）・小久保・伏屋
279	前学期	前学期	水3	21122106	計算機通論	寺田　実
280	前学期	前学期	水3	21122110	プログラミング通論	丸山　一貴
281	前学期	前学期	水3	21222124	複素関数論（Mエリア）	宮脇　陽一
282	前学期	前学期	水3	21224104	アルゴリズム論	石上　嘉康
283	前学期	前学期	水3	21224108	コンピュータネットワーク	KITSUWAN　NATTAPONG
284	前学期	前学期	水3	21224124	電気電子計測（Ⅱ類）	秋田　学
285	前学期	前学期	水3	21224133	暗号と符号化の数理	大濱　靖匡
286	前学期	前学期	水3	21224137	自動車工学（Ⅱ類）	於保　茂
287	前学期	前学期	水3	21322117	複素関数論（Ⅲ類）	古川　怜
288	前学期	前学期	水3	21322118	複素関数論（Ⅲ類）	大淵　泰司
289	前学期	前学期	水3	21324111	電気電子計測（Ⅲ類）	秋田　学
290	前学期	前学期	水3	21324140	自動車工学（Ⅲ類）	於保　茂
291	前学期	前学期	水3, 水4	21222117	数値解析およびプログラミング演習（Ｉエリア）	笠井　裕之
292	前学期	前学期	水3, 水4	21222118	数値解析およびプログラミング演習（Ｉエリア）	大坐畠　智
293	前学期	前学期	水4	21016101	数学の哲学	武笠　行雄
294	前学期	前学期	水4	21019128	数学演習第一（クラス４）	伊藤　賢一
295	前学期	前学期	水4	21019129	数学演習第一（クラス５）	関根　正幸
296	前学期	前学期	水4	21019130	数学演習第一（クラス６）	三好　啓也
297	前学期	前学期	水4	21019131	数学演習第一（クラス７）	天野　友之
298	前学期	前学期	水4	21019132	数学演習第一（クラス８）	伊東　裕也
299	前学期	前学期	水4	21019134	数学演習第一（クラス１０）	佐藤　光樹
300	前学期	前学期	水4	21019164	物理学演習第一	鈴木（勝）・佐々木（成）・中村（仁）・小久保・伏屋
301	前学期	前学期	水4	21122119	複素関数論（Ⅰ類）	龍野　智哉
302	前学期	前学期	水4	21222116	基礎演習Ａ（Mエリア）	内田（雅）・稲葉
303	前学期	前学期	水4	21224103	離散数学応用	石上　嘉康
304	前学期	前学期	水4	21224130	機構要素設計（Ⅱ類）	金森　哉吏
305	前学期	前学期	水4	21322113	基礎電気回路	中村　信行
306	前学期	前学期	水4	21324105	機構要素設計（Ⅲ類）	金森　哉吏
307	前学期	前学期	水5	21011104	歴史学Ａ	倉橋　良伸
308	前学期	前学期	水5	21011109	経済学Ａ	鈴木　邦成
309	前学期	前学期	水5	21011112	政治学Ａ	米山　忠寛
310	前学期	前学期	水5	21011113	地理学Ａ	戸田　真夏
311	前学期	前学期	水5	21011114	社会思想史Ａ	庄司　俊之
312	前学期	前学期	水5	21016102	科学的実在論の可能性	武笠　行雄
313	前学期	前学期	水5	21016106	江戸の社会と数学	佐藤　賢一
314	前学期	前学期	水5	21016107	現代の教育	武石　典史
315	前学期	前学期	水5	21016109	科学技術と人間	○高橋(幸)・○田中（基）・○長野・○須藤・○関谷
316	前学期	前学期	水5	21016113	Research Presentation	Atsuko Marie Jeffreys
317	前学期	前学期	水5	21018187	Technical English － Basic English for Science（再履1_Engineering）	○Yim・史
318	前学期	前学期	水5	21019149	物理学概論第一（再履）	浅井　和美
319	前学期	前学期	水5	21024102	基礎数学演習第一	濱野　哲子
320	前学期	前学期	水5	21025103	教育課程編成論A	狩野　浩二
321	前学期	前学期	水5	21025104	教育相談	○西村智子・○宇部弘子
322	前学期	前学期	水5	21124104	幾何学概論（Ⅰ類）	山田　裕一
323	前学期	前学期	水5, 水6	21024106	情報処理演習第一	中井　日佐司
324	前学期	前学期	水2, 金4	21013184	日本語第三（２年）（水２・金４）	小山　慎治（水２）、池田　裕（金４）
325	前学期	前学期	木1	21013132	英語演習	Atsuko Marie Jeffreys
326	前学期	前学期	木1	21013147	独語演習	谷崎　秋彦
327	前学期	前学期	木1	21013150	仏語演習	坂井　由加里
328	前学期	前学期	木1	21013156	中国語演習	千葉　偉一
329	前学期	前学期	木1	21013157	中国語演習	范　建明
330	前学期	前学期	木1	21013158	中国語演習	李　偉
331	前学期	前学期	木1	21013160	韓国朝鮮語演習	姜　勝薫
332	前学期	前学期	木1	21017107	UEC Academic Skills III (Publishing Literacy and Research)	Choo　Cheow　Keong
333	前学期	前学期	木1	21018101	総合コミュニケーション科学	由良　憲二
334	前学期	前学期	木1	21018161	Technical English － Basic English for Science（I15ｸﾗｽ)	Muthumaniraja　Saranyaraja
335	前学期	前学期	木1	21018162	Technical English － Basic English for Science（I16ｸﾗｽ)	Dermot　Lonergan
336	前学期	前学期	木1	21018163	Technical English － Basic English for Science（I17ｸﾗｽ)	Helene Karma Yim
337	前学期	前学期	木1	21018164	Technical English － Basic English for Science（I18ｸﾗｽ)	上原　寿和子
338	前学期	前学期	木1	21025127	マルチメディア処理（Ⅱ類）	羽田・野嶋
339	前学期	前学期	木1	21224128	人間機械システム（Ⅱ類）	宮脇　陽一
340	前学期	前学期	木1	21324110	人間機械システム（Ⅲ類）	宮脇　陽一
341	前学期	前学期	木1	21324117	固体電子論	水柿　義直
342	前学期	前学期	木1	21324118	固体電子論	中村　淳
343	前学期	前学期	木2	21012181	選択独語第一	中橋　誠
344	前学期	前学期	木2	21012182	選択独語第一	谷崎　秋彦
345	前学期	前学期	木2	21012185	選択仏語第一	坂井　由加里
346	前学期	前学期	木2	21012186	選択露語第一	金沢　友緒
347	前学期	前学期	木2	21012187	選択中国語第一	范　建明
348	前学期	前学期	木2	21012188	選択中国語第一	李　偉
349	前学期	前学期	木2	21012189	選択中国語第一	千葉　偉一
350	前学期	前学期	木2	21012191	選択韓国朝鮮語第一	姜　勝薫
351	前学期	前学期	木2	21015101	物理学概論第三	鈴木　勝
352	前学期	前学期	木2	21015102	化学とエネルギー	小林　義男
353	前学期	前学期	木2	21015103	現代数学入門Ａ	石田　晴久
354	前学期	前学期	木2	21015104	現代数学入門Ｂ	大野　真裕
355	前学期	前学期	木2	21018165	Technical English － Basic English for Science（I13ｸﾗｽ)	Muthumaniraja　Saranyaraja
356	前学期	前学期	木2	21018166	Technical English － Basic English for Science（I14ｸﾗｽ)	上原　寿和子
357	前学期	前学期	木2	21018178	Technical English － Basic English for Science（E31ｸﾗｽ)	Arnold, Lee
358	前学期	前学期	木2	21018179	Technical English － Basic English for Science（E32ｸﾗｽ)	Dermot　Lonergan
359	前学期	前学期	木2	21124111	ビジュアル情報処理	高橋　裕樹
360	前学期	前学期	木2	21124120	プログラム言語論	沼尾　雅之
361	前学期	前学期	木2	21224109	電磁気学第二	細川　敬祐
362	前学期	前学期	木2	21224229	データベース論	大森・新谷（隆）
363	前学期	前学期	木2	21324134	有機化学第一	瀧　真清
364	前学期	前学期	木2, 木3, 木4	21324114	電子工学実験第一（木曜）	小野（洋）・守屋・坂本・永井
365	前学期	前学期	木2, 木3, 木4	21324123	光工学実験第一（木曜）	白川（晃）・浅原・張(贇)・庄司
366	前学期	前学期	木2, 木3, 木4	21324128	物理工学実験第一（木曜）	谷口・宮本・岩國
367	前学期	前学期	木3	21018169	Technical English － Basic English for Science（I24ｸﾗｽ)	Roderick Lange
368	前学期	前学期	木3	21018170	Technical English － Basic English for Science（I23ｸﾗｽ)	Dermot　Lonergan
369	前学期	前学期	木3	21018171	Technical English － Basic English for Science（I25ｸﾗｽ)	Adam Dabrowski
370	前学期	前学期	木3	21019114	線形代数学第一（クラス２）	陸名　雄一
371	前学期	前学期	木3	21122109	論理設計学	三輪　忍
372	前学期	前学期	木3	21122113	情報領域演習第二	佐藤(寛)・高橋(裕)・岡本(一)・織田・金
373	前学期	前学期	木3	21124114	オペレーションズ・リサーチ第一	由良　憲二
374	前学期	前学期	木3	21124122	応用数学第二	山本　有作
375	前学期	前学期	木3	21222122	複素関数論（Ｉエリア）	八木　秀樹
376	前学期	前学期	木3	21222123	複素関数論（Ｉエリア）	小木曽　公尚
377	前学期	前学期	木3	21224106	オペレーティングシステム	菅原　健
378	前学期	前学期	木3	21224127	ロボットの機構と力学（Ⅱ類）	明　愛国
379	前学期	前学期	木3	21324109	ロボットの機構と力学（Ⅲ類）	明　愛国
380	前学期	前学期	木3	21324135	生物化学	三瓶　嚴一
381	前学期	前学期	木3, 木4	21018103	基礎科学実験A	水柿・松吉・田尻・梶川・○近藤・○大石・*小林
382	前学期	前学期	木3, 木4	21018106	基礎科学実験B	山北　佳宏
383	前学期	前学期	木3, 木4	21222119	数値解析およびプログラミング演習（Mエリア）	高田　昌之
384	前学期	前学期	木4	21016121	比較文化論	中橋　誠
385	前学期	前学期	木4	21017111	Topics in Informatics Ⅱ（Sustainable Supply Chain Management）（学域）	山田　哲男
386	前学期	前学期	木4	21018172	Technical English － Basic English for Science（E26ｸﾗｽ)	Roderick Lange
387	前学期	前学期	木4	21018173	Technical English － Basic English for Science（E27ｸﾗｽ)	Adam Dabrowski
388	前学期	前学期	木4	21018174	Technical English － Basic English for Science（E28ｸﾗｽ)	Dermot　Lonergan
389	前学期	前学期	木4	21018175	Technical English － Basic English for Science（E29ｸﾗｽ)	于　燕（Yu Yan）
390	前学期	前学期	木4	21019121	線形代数学第一（クラス９）	陸名　雄一
391	前学期	前学期	木4	21122108	論理設計学	吉永　努
392	前学期	前学期	木4	21124105	情報通信システム	内海　彰
393	前学期	前学期	木4	21224102	情報通信システム	山口　和彦
394	前学期	前学期	木4	21322122	計測工学概論	中村　仁
395	前学期	前学期	木4	21322123	計測工学概論	結城　宏信
396	前学期	前学期	木5	21012184	選択独語第一	中橋　誠
397	前学期	前学期	木5	21012190	選択中国語第一	范　建明
398	前学期	前学期	木5	21013186	日本文化Ｅ	志賀　幹郎
399	前学期	前学期	木5	21016110	ドイツ倫理学	増山　浩人
400	前学期	前学期	木5	21016122	文化干渉論	金沢　友緒
401	前学期	前学期	木5	21018133	イノベイティブ総合コミュニケーションデザイン1	前佛・内田（和）
402	前学期	前学期	木5	21018188	Technical English － Basic English for Science（再履2_ICT）	○Yu・史
403	前学期	前学期	木5	21019150	物理学概論第一（再履）	佐野　一雄
404	前学期	前学期	木5	21024104	基礎物理学演習第一	中井　日佐司
405	前学期	前学期	木5	21025115	教育実習・事前事後指導(2週間実習者)	佐々木（啓）・赤澤・武石
406	前学期	前学期	木5	21025117	教育実習・事前事後指導(3・4週間実習者)	佐々木（啓）・赤澤・武石
407	前学期	前学期	木6, 木7	21018108	基礎科学実験A（再履）	中村（仁）・孫・○近藤・○大石・○坂本・○矢野・○金川
408	前学期	前学期	金1	21012101	Academic Written EnglishⅠ（金1・F）	John Francis Cross
409	前学期	前学期	金1	21012102	Academic Written EnglishⅠ（金1・E）	Mulia Teguh Nguyen
410	前学期	前学期	金1	21012103	Academic Written EnglishⅠ（金1・B）	Topor, F.Sigmund
411	前学期	前学期	金1	21012104	Academic Written EnglishⅠ（金1・C）	田中　智子
412	前学期	前学期	金1	21012105	Academic Written EnglishⅠ（金1・D）	HIGUCHI SONIA
413	前学期	前学期	金1	21012106	Academic Written EnglishⅠ（金1・A）	Atsuko Marie Jeffreys
414	前学期	前学期	金1	21018117	コンピュータリテラシー（クラス７）	須藤　克弥
415	前学期	前学期	金1	21019116	線形代数学第一（クラス４）	井上　浩一
416	前学期	前学期	金1	21019120	線形代数学第一（クラス８）	中井　洋史
417	前学期	前学期	金1	21024105	基礎物理学演習第一	濱野　哲子
418	前学期	前学期	金1	21122114	情報領域演習第二	西野（順）・八巻・高木・中鹿
419	前学期	前学期	金1	21124107	インタラクティブシステム	梶本　裕之
420	前学期	前学期	金1	21222121	離散数学	岩本　貢
421	前学期	前学期	金1	21222125	波動と光	松浦　基晴
422	前学期	前学期	金1, 金2	21224120	基礎制御工学および演習（Ⅱ類）	澤田　賢治
423	前学期	前学期	金1, 金2	21322101	工学基礎数学および演習	宮嵜　武
424	前学期	前学期	金1, 金2	21322102	工学基礎数学および演習	張　贇
425	前学期	前学期	金1, 金2	21322103	工学基礎数学および演習	島田　宏
426	前学期	前学期	金1, 金2	21322104	工学基礎数学および演習	岡田　佳子
427	前学期	前学期	金1, 金2	21324107	基礎制御工学および演習（Ⅲ類）	澤田　賢治
428	前学期	前学期	金2	21012107	Academic Written EnglishⅠ（金2・F）	中田　真巳子
429	前学期	前学期	金2	21012108	Academic Written EnglishⅠ（金2・A）	Scott Mclellan
430	前学期	前学期	金2	21012109	Academic Written EnglishⅠ（金2・B）	John Francis Cross
431	前学期	前学期	金2	21012110	Academic Written EnglishⅠ（金2・C）	HIGUCHI SONIA
432	前学期	前学期	金2	21012111	Academic Written EnglishⅠ（金2・D）	田中　智子
433	前学期	前学期	金2	21012112	Academic Written EnglishⅠ（金2・E）	Mulia Teguh Nguyen
434	前学期	前学期	金2	21016125	現代物理学を創った人々	鈴木（勝）・佐々木（成）・中村(仁)・小久保・伏屋
435	前学期	前学期	金2	21018118	コンピュータリテラシー（クラス８）	髙玉　圭樹
436	前学期	前学期	金2	21018167	Technical English － Basic English for Science（I11ｸﾗｽ)	Gary Wolff
437	前学期	前学期	金2	21018168	Technical English － Basic English for Science（I12ｸﾗｽ)	Adam Dabrowski
438	前学期	前学期	金2	21018176	Technical English － Basic English for Science（I21ｸﾗｽ)	Roderick Lange
439	前学期	前学期	金2	21018177	Technical English － Basic English for Science（I22ｸﾗｽ)	Kathleen　Era
440	前学期	前学期	金2	21019106	微分積分学第一（クラス６）	岡野　恵司
441	前学期	前学期	金2	21019113	線形代数学第一（クラス１）	伊東　裕也
442	前学期	前学期	金2	21019115	線形代数学第一（クラス３）	榎本　直也
443	前学期	前学期	金2	21019117	線形代数学第一（クラス５）	中井　洋史
444	前学期	前学期	金2	21019157	化学概論第一（クラス２）	石田　尚行
445	前学期	前学期	金2	21122104	計算機通論	仲谷　栄伸
446	前学期	前学期	金2	21124117	アルゴリズム論第二	小林　聡
447	前学期	前学期	金2	21222103	応用数学Ａ（Ｉエリア）	佐藤　俊治
448	前学期	前学期	金2	21222105	基礎電気回路（Ｉエリア）	張　熙
449	前学期	前学期	金2	21222110	基礎電磁気学（Ｉエリア）	肖　鳳超
450	前学期	前学期	金2	21222127	力学演習（Mエリア）	明・杉
451	前学期	前学期	金2	21324112	Modern Engineering and Science	SANDHU　Adarsh
452	前学期	前学期	金2, 金3, 金4	21224113	情報通信工学実験Ａ	芳原　容英
453	前学期	前学期	金2, 金3, 金4	21224119	電子情報学実験Ａ	芳原　容英
454	前学期	前学期	金3	21012113	Academic Written EnglishⅠ（金3・B）	中田　真巳子
455	前学期	前学期	金3	21012114	Academic Written EnglishⅠ（金3・C）	Joseph Robert Tabolt
456	前学期	前学期	金3	21012115	Academic Written EnglishⅠ（金3・D）	田中　智子
457	前学期	前学期	金3	21012116	Academic Written EnglishⅠ（金3・E）	HIGUCHI SONIA
458	前学期	前学期	金3	21012117	Academic Written EnglishⅠ（金3・A）	大石　由紀子
459	前学期	前学期	金3	21012118	Academic Written EnglishⅠ（金3・F）	Topor, F.Sigmund
460	前学期	前学期	金3	21017110	Advanced Engineering Science Ⅱ（Photonics and Opto-electronics）（学域）	上野　芳康
461	前学期	前学期	金3	21018180	Technical English － Basic English for Science（E37ｸﾗｽ)	Gary Wolff
462	前学期	前学期	金3	21018181	Technical English － Basic English for Science（E38ｸﾗｽ)	Adam Dabrowski
463	前学期	前学期	金3	21018182	Technical English － Basic English for Science（E39ｸﾗｽ)	Roderick Lange
464	前学期	前学期	金3	21019112	微分積分学第一（クラス1２）	岡野　恵司
465	前学期	前学期	金3	21019119	線形代数学第一（クラス７）	公文　雅之
466	前学期	前学期	金3	21122102	確率論	川野　秀一
467	前学期	前学期	金3	21124106	人間工学	板倉・水戸
468	前学期	前学期	金3	21124123	グラフとネットワーク	武永　康彦
469	前学期	前学期	金3	21322114	基礎電気回路	武者　満
470	前学期	前学期	金3	21322115	基礎電気回路	中川　賢一
471	前学期	前学期	金3	21322116	基礎電気回路	曽我部　東馬
472	前学期	前学期	金3, 金4	21018104	基礎科学実験A	中村（信）・広田・サントソ・田中（繁）・○内田・○勝野・*神水
473	前学期	前学期	金3, 金4	21018107	基礎科学実験B	小林　義男
474	前学期	前学期	金3, 金4	21224101	プログラミング言語実験	松本・市野・山本（嶺）
475	前学期	前学期	金3, 金4	21224122	メカトロニクス基礎実験Ａ	菅・定本・姜・田中(基)・新竹・中村（友）・東郷・金森・松村・遊佐・正本・井上
476	前学期	前学期	金3, 金4	21324101	知能機械工学基礎実験第一	菅・定本・姜・田中(基)・新竹・中村（友）・東郷・金森・松村・遊佐・正本・井上
477	前学期	前学期	金4	21012119	Academic Written EnglishⅠ（金4・D）	Kevin Thomas
478	前学期	前学期	金4	21012120	Academic Written EnglishⅠ（金4・B）	Scott Mclellan
479	前学期	前学期	金4	21012121	Academic Written EnglishⅠ（金4・C）	Joseph Robert Tabolt
480	前学期	前学期	金4	21012122	Academic Written EnglishⅠ（金4・A）	大石　由紀子
481	前学期	前学期	金4	21012123	Academic Written EnglishⅠ（金4・E）	中田　真巳子
482	前学期	前学期	金4	21012124	Academic Written EnglishⅠ（金4・F）	Topor, F.Sigmund
483	前学期	前学期	金4	21013133	英語演習	上原　寿和子
484	前学期	前学期	金4	21013134	英語演習	Hauser　Eric
485	前学期	前学期	金4	21013148	独語演習	野内　聡
486	前学期	前学期	金4	21018183	Technical English － Basic English for Science（E33ｸﾗｽ)	Gary Wolff
487	前学期	前学期	金4	21018184	Technical English － Basic English for Science（E34ｸﾗｽ)	Adam Dabrowski
488	前学期	前学期	金4	21018185	Technical English － Basic English for Science（E35ｸﾗｽ)	Roderick Lange
489	前学期	前学期	金4	21018186	Technical English － Basic English for Science（E36ｸﾗｽ)	于　燕（Yu Yan）
490	前学期	前学期	金4	21019123	線形代数学第一（クラス１１）	公文　雅之
491	前学期	前学期	金4	21025126	マルチメディア処理（Ⅰ類）	高木（一）・兒玉
492	前学期	前学期	金4	21124226	シミュレーション理工学	仲谷・龍野
493	前学期	前学期	金4	21324130	固体物理工学第一	小久保　伸人
494	前学期	前学期	金4	21324132	化学生命工学演習第一	石田（尚）・瀧
495	前学期	前学期	金5	21012183	選択独語第一	野内　聡
496	前学期	前学期	金5	21013183	日本文化Ａ	池田　裕
497	前学期	前学期	金5	21016112	Reading Scientific Research	大石　由紀子
498	前学期	前学期	金5	21018189	Technical English － Basic English for Science（上級）	Shi Jie
499	前学期	前学期	金5	21025105	特別活動・総合的な学習の時間の指導法	宮古　紀宏
500	前学期	前学期	金5	21025109	理科教育法IB	川角　博
501	前学期	前学期	金5	21324143	上級コンピュータ演習	尾関、大淵、斎藤（弘）、樫森、白川（英）、中村（淳）、森下
502	前学期	前学期	他	21011111	法学Ａ（集中）	荒邦　啓介
503	前学期	前学期	他	21014116	生涯スポーツ演習Ｃ（ゴルフ集中）	大河原・狩野・安藤（創）・○長峰・○上遠野
504	前学期	前学期	他	21016108	教育と憲法（日本国憲法）（集中）	河合　正雄
505	前学期	前学期	他	21016126	サイエンス・コミュニケーション演習（集中）	鈴木　勝
506	前学期	前学期	他	21017103	海外語学研修Ⅰ（学域・夏）（集中）	佐々木　直子
507	前学期	前学期	他	21017104	海外語学研修Ⅱ（学域・夏）（集中）	佐々木　直子
508	前学期	前学期	他	21017153	学域特別講義A（基礎物理学実験）(Introduction to Physics Laboratory)	未定
509	前学期	前学期	他	21017154	学域特別講義A（基礎化学実験）（Introduction to Chemistry Laboratory )	小林　義男
510	前学期	前学期	他	21017158	学域特別講義A (Algorithms for Dummies)	Belmonte Remy
511	前学期	前学期	他	21017159	学域特別講義A（融合領域の最新動向B） (Current Topics in Emerging Multi-interdisciplinary Engineering B)	小泉・﨑山・吉浦・バグス・尚・萱野・小木曽・孫・姜
512	前学期	前学期	他	21017160	学域特別講義A （基盤理工学B）(Current Topics in Fundamental Science and Engineering B)	村中 隆弘　Takahiro Muranaka
513	前学期	前学期	他	21018134	インターンシップ（Ⅰ類）	西（康）・三輪
514	前学期	前学期	他	21018135	インターンシップ（Ⅱ類）	木寺　正平・秋田　学
515	前学期	前学期	他	21018136	インターンシップ（Ⅲ類）	渡邉　恵理子・村中　隆弘・Matuttis Hans-Georg
516	前学期	前学期	他	21018137	インターンシップ（海外）（Ⅰ類）	西（康）・三輪
517	前学期	前学期	他	21018138	インターンシップ（海外）（Ⅱ類）	木寺　正平・秋田　学
518	前学期	前学期	他	21018139	インターンシップ（海外）（Ⅲ類）	渡邉　恵理子・村中　隆弘・Matuttis Hans-Georg
519	前学期	前学期	他	21025106	特別活動（集中）（H30年度以前入学生）	西野　真由美
520	前学期	前学期	他	21025108	教育課程編成論B（集中）	澤田　稔
521	前学期	前学期	他	21025110	数学科教育法IB（集中）	田村　篤史
522	前学期	前学期	他	21025111	理科教育法IA（集中）	平田　昭雄
523	前学期	前学期	他	21025112	情報科教育法I（集中）	小原　格
524	前学期	前学期	他	21025114	教育制度論B（集中）	堤　孝晃
525	前学期	前学期	他	21025116	教育実習（集中）・事前事後指導(2週間実習者)	佐々木（啓）・赤澤・武石
526	前学期	前学期	他	21025118	教育実習（集中）・事前事後指導(3・4週間実習者)	佐々木（啓）・赤澤・武石
527	前学期	前学期	他	21025123	生物学実験（Ⅱ類・Ｍ）（集中）	狩野・星野
528	前学期	前学期	他	21025124	生物学実験（Ⅲ類・Ｓ）（集中）	狩野・星野
529	前学期	前学期	他	21025217	数学科教育法IV（集中）	牧下　英世
530	前学期	前学期	他	21124125	輪講A（Ⅰ類）	成見　哲
531	前学期	前学期	他	21124126	卒業研究A（Ⅰ類）	成見　哲
532	前学期	前学期	他	21224131	輪講A（Ⅱ類）	正本　和人
533	前学期	前学期	他	21224132	卒業研究A（Ⅱ類）	正本　和人
534	前学期	前学期	他	21324138	輪講A（Ⅲ類）	水柿　義直
535	前学期	前学期	他	21324139	卒業研究A（Ⅲ類）	水柿　義直
536	前学期	通年	月2, 月4	21324304	UECパスポートプログラムB（前期月２・後期月４）	鈴木　勝
537	前学期	通年	月3	21014301	健康・体力つくり実習	大河原・○竹内・○八百・○青木
538	前学期	通年	月4	21014305	健康・体力つくり実習	大河原・○竹内・○八百・○青木
539	前学期	通年	月1, 火1	21324301	UECパスポートプログラムA	鈴木　勝
540	前学期	通年	月2, 水4	21324303	UECパスポートプログラムB（前期月２・後期水４）	鈴木　勝
541	前学期	通年	木3	21014306	健康・体力つくり実習	岡田（英）・○北川・○服部・○小泉
542	前学期	通年	木4	21014304	健康・体力つくり実習	岡田（英）・○北川・○服部・○小泉
543	前学期	通年	木5, 他	21025301	教職実践演習（Ａ１・Ｂ１・Ｃ）	○佐々木・中山・武石・伊東・○赤澤・○鈴木（隆）・○井上
544	前学期	通年	木5, 他	21025302	教職実践演習（Ａ２・Ｂ１・Ｃ）	○佐々木・中山・武石・伊東・○赤澤・○鈴木（隆）・○井上
545	前学期	通年	木5, 他	21025303	教職実践演習（Ａ１・Ｂ２・Ｃ）	○佐々木・中山・武石・伊東・○赤澤・○鈴木（隆）・○井上
546	前学期	通年	木5, 他	21025304	教職実践演習（Ａ２・Ｂ２・Ｃ）	○佐々木・中山・武石・伊東・○赤澤・○鈴木（隆）・○井上
547	前学期	通年	金3	21014302	健康・体力つくり実習	安藤（創）・狩野・星野・○早川
548	前学期	通年	金4	21014303	健康・体力つくり実習	安藤（創）・狩野・星野・○早川
549	前学期	通年	他	21017301	サマートレーニング（学域）（集中）	青山　尚之
550	前学期	通年	他	21124301	情報工学工房（学域）	工藤　俊亮
551	前学期	通年	他	21224301	電子工学工房（学域）	高橋（弘）・野村・石川（亮）・安藤（芳）・萓野・小島・鷲沢
552	前学期	通年	他	21224302	宇宙通信工学（学域）	芳原・菊池・細川・津田・小島・安藤・肖
553	前学期	通年	他, 他	21324302	UECパスポートプログラムA（その他）	鈴木　勝
554	前学期	通年	他, 他	21324305	UECパスポートプログラムB（その他）	鈴木　勝
555	後学期	後学期	月1	21018231	キャリアデザイン	松木　利憲
556	後学期	後学期	月1	21018233	知的財産権	本間・重森
557	後学期	後学期	月1	21122201	離散数学	植野　真臣
558	後学期	後学期	月1	21122202	離散数学	高橋　里司
559	後学期	後学期	月1	21122204	情報領域演習第一	水野（統）・中嶋・田原
560	後学期	後学期	月1	21222201	確率統計	小川　朋宏
561	後学期	後学期	月1	21222202	確率統計	大濱　靖匡
562	後学期	後学期	月1	21222205	力学	津田　卓雄
563	後学期	後学期	月1	21222207	力学	杉　正夫
564	後学期	後学期	月1	21224234	電子回路学	内田　雅文
565	後学期	後学期	月1	21322201	力学	島田　宏
566	後学期	後学期	月1	21322202	力学	酒井　剛
567	後学期	後学期	月1	21322203	力学	中川　賢一
568	後学期	後学期	月1	21322204	力学	宮嵜　武
569	後学期	後学期	月2	21012261	独語第二	伊藤　みどり
570	後学期	後学期	月2	21012262	独語第二	渡辺　和典
571	後学期	後学期	月2	21012263	独語第二	白木　和美
572	後学期	後学期	月2	21012267	仏語第二	坂井　由加里
573	後学期	後学期	月2	21012269	露語第二	金沢　友緒
574	後学期	後学期	月2	21012271	中国語第二	中村　孝子
575	後学期	後学期	月2	21012272	中国語第二	鷲巣　益美
576	後学期	後学期	月2	21012273	中国語第二	小幡　敏行
577	後学期	後学期	月2	21012274	中国語第二	木村　奈津子
578	後学期	後学期	月2	21012279	韓国朝鮮語第二	金　恵珍
579	後学期	後学期	月2	21012292	中国語第二	孫　月鶯
580	後学期	後学期	月2	21017209	Topics in Informatics Ⅰ（Evolutionary Computation）（学域）	佐藤　寛之
581	後学期	後学期	月2	21019204	微分積分学第二（クラス４）	山田　裕一
582	後学期	後学期	月2	21019230	解析学（クラス６）	緒方　秀教
583	後学期	後学期	月2	21019271	基礎プログラミングおよび演習（クラス９）	橋山　智訓
584	後学期	後学期	月2	21019272	基礎プログラミングおよび演習（クラス１０）	藤田　秀之
585	後学期	後学期	月2	21122217	コンピュータネットワーク	大坐畠　智
586	後学期	後学期	月2	21122218	コンピュータネットワーク	湯　素華
587	後学期	後学期	月2	21124217	音響信号処理	羽田　陽一
588	後学期	後学期	月2	21124228	ゲーム情報学	保木　邦仁
589	後学期	後学期	月2	21224204	電磁気学第一	安藤　芳晃
590	後学期	後学期	月2	21224205	回路システム学第一	範　公可
591	後学期	後学期	月2	21224220	計測工学（P4・P5）	菅・青山
592	後学期	後学期	月2	21224250	メカトロニクス（Ⅱ類）	横井・舩戸
593	後学期	後学期	月2	21224257	計測工学（P2・P3）	竹村　暢康
594	後学期	後学期	月2	21322219	分子生物学（クラスA）	三瓶　嚴一
595	後学期	後学期	月2	21322220	分子生物学（クラスB）	松田　信爾
596	後学期	後学期	月2	21324219	メカトロニクス（Ⅲ類）	横井・舩戸
597	後学期	後学期	月2	21324240	画像工学	志賀　智一
598	後学期	後学期	月2, 月3	21124218	経営・社会情報学実験	岡本・金・中嶋・西(康)・松吉・水野
599	後学期	後学期	月2, 月3, 月4	21324245	物理工学実験第二	村中・丹治・清水（亮）・森永・松林・谷口・中井・*小林・*大家
600	後学期	後学期	月3	21012264	独語第二	伊藤　みどり
601	後学期	後学期	月3	21012265	独語第二	渡辺　和典
602	後学期	後学期	月3	21012266	独語第二	白木　和美
603	後学期	後学期	月3	21012268	仏語第二	坂井　由加里
604	後学期	後学期	月3	21012270	露語第二	山田　徹也
605	後学期	後学期	月3	21012275	中国語第二	中村　孝子
606	後学期	後学期	月3	21012276	中国語第二	鷲巣　益美
607	後学期	後学期	月3	21012277	中国語第二	小幡　敏行
608	後学期	後学期	月3	21012278	中国語第二	木村　奈津子
609	後学期	後学期	月3	21012280	韓国朝鮮語第二	金　恵珍
610	後学期	後学期	月3	21012293	中国語第二	孫　月鶯
611	後学期	後学期	月3	21014201	健康論	大河原・未定・鶴ヶ野・○竹内・○八百・○青木
612	後学期	後学期	月3	21122213	統計学	山本　渉
613	後学期	後学期	月3	21124202	社会情報論	山本　佳世子
614	後学期	後学期	月3	21222217	応用数学Ｂ	韓　承鎬
615	後学期	後学期	月3	21224208	論理回路学	小島　年春
616	後学期	後学期	月3	21224223	ユビキタスネットワーク	加藤　聰彦
617	後学期	後学期	月3	21224237	電磁波工学（Ⅱ類）	安藤　芳晃
618	後学期	後学期	月3	21224252	生産システム工学（Ⅱ類）	森重　功一
619	後学期	後学期	月3	21322213	基礎電子回路（クラスA）	奥野　剛史
620	後学期	後学期	月3	21322214	基礎電子回路（クラスB）	美濃島　薫
621	後学期	後学期	月3	21322221	基礎電子回路（クラスD）	西岡　一
622	後学期	後学期	月3	21324208	波動と光（クラスC）	庄司　暁
623	後学期	後学期	月3	21324217	生産システム工学（Ⅲ類）	森重　功一
624	後学期	後学期	月3	21324223	デジタル信号処理（Ⅲ類）	渡邉　恵理子
625	後学期	後学期	月3	21324252	物理化学第二	樫森　与志喜
626	後学期	後学期	月3, 月4	21018201	基礎科学実験A	中村（仁）・板倉・横川・饗庭・○吉村・○矢野・*高田
627	後学期	後学期	月3, 月4	21018204	基礎科学実験B	加固　昌寛
628	後学期	後学期	月4	21012295	独語第二（再履）	宇田川　尚人
629	後学期	後学期	月4	21012296	仏語第二（再履）	坂井　由加里
630	後学期	後学期	月4	21012297	露語第二（再履）	山田　徹也
631	後学期	後学期	月4	21012298	中国語第二（再履）	鷲巣　益美
632	後学期	後学期	月4	21012299	韓国朝鮮語第二（再履）	姜　勝薫
633	後学期	後学期	月4	21013231	英語演習	大石　由紀子
634	後学期	後学期	月4	21013246	独語運用演習	中橋　誠
635	後学期	後学期	月4	21013252	露語運用演習	金沢　友緒
636	後学期	後学期	月4	21013254	中国語運用演習	范　建明
637	後学期	後学期	月4	21013255	中国語運用演習	孫　月鶯
638	後学期	後学期	月4	21014205	健康論	大河原・未定・鶴ヶ野・○竹内・○八百・○青木
639	後学期	後学期	月4	21019227	解析学（クラス３）	伊東　裕也
640	後学期	後学期	月4	21019267	基礎プログラミングおよび演習（クラス５）	江木　啓訓
641	後学期	後学期	月4	21019268	基礎プログラミングおよび演習（クラス６）	戸田　貴久
642	後学期	後学期	月4	21124213	ユビキタスネットワーク	大須賀・末廣・広田・田原・清・橋山・工藤・野嶋
643	後学期	後学期	月4	21224230	デジタル信号処理（Ⅱ類）	金子　修
644	後学期	後学期	月4	21224235	符号理論	八木　秀樹
645	後学期	後学期	月4	21224243	電子機器システム学	石橋　功至
646	後学期	後学期	月4	21324222	デジタル信号処理（Ⅲ類）	金子　修
647	後学期	後学期	月4	21324227	電子回路学	石橋　孝一郎
648	後学期	後学期	月5	21016203	心の科学	久野　雅樹
649	後学期	後学期	月5	21016216	外国語とその運用B 【独語】	中橋　誠
650	後学期	後学期	月5	21016217	外国語とその運用B 【仏語】	平野　奈津恵
651	後学期	後学期	月5	21016218	外国語とその運用B 【露語】	金沢　友緒
652	後学期	後学期	月5	21016219	外国語とその運用B 【中国語】	范　建明
653	後学期	後学期	月5	21016220	外国語とその運用B 【韓国朝鮮語】	姜　勝薫
654	後学期	後学期	月5	21016222	国際文化論	宇田川　尚人
655	後学期	後学期	月5	21016224	日本語とコミュニケーションB	志賀　幹郎
656	後学期	後学期	月5	21017255	学域特別講義B（JAPIA寄附講座）	金子修・澤田賢治
657	後学期	後学期	月5	21025201	地学（Ⅱ類・Ｍ）	○上野・○白井
658	後学期	後学期	月5	21025202	地学（Ⅲ類・Ｓ）	○白井・○上野
659	後学期	後学期	月5	21025209	教育制度論A	星野　敦子
660	後学期	後学期	月5	21025213	理科教育法Ⅳ	鈴木　勝・○浅羽　宏
661	後学期	後学期	月5	21025214	数学科教育法III	羽住・伊東・山田（裕）
662	後学期	後学期	月3, 水3	21124224	情報数理工学実験第二A	伊藤　毅志
663	後学期	後学期	月3, 水3	21124234	コンピュータサイエンス実験第二A	伊藤　毅志
664	後学期	後学期	月4, 水4	21124225	情報数理工学実験第二B	伊藤　毅志
665	後学期	後学期	月4, 水4	21124235	コンピュータサイエンス実験第二B	伊藤　毅志
666	後学期	後学期	月2, 木2	21013281	日本語第二（１年）（月２・木２）	内藤・笠原
667	後学期	後学期	月3, 木2	21013282	日本語第二（１年）（月３・木２）	内藤・笠原
668	後学期	後学期	火1	21012231	Academic Spoken English Ⅱ（火1・A）	奥　浩昭
669	後学期	後学期	火1	21012232	Academic Spoken English Ⅱ（火1・B）	Arnold, Lee
670	後学期	後学期	火1	21012233	Academic Spoken English Ⅱ（火1・C）	Prumel Barbudo
671	後学期	後学期	火1	21012234	Academic Spoken English Ⅱ（火1・D）	MOREAU ROBERT
672	後学期	後学期	火1	21012235	Academic Spoken English Ⅱ（火1・E）	Derr, Jonathan
673	後学期	後学期	火1	21012236	Academic Spoken English Ⅱ（火1・F）	Sean Thornton
674	後学期	後学期	火1	21013201	Academic English for the Second Year Ⅱ（Ⅰ類・A）	大石　由紀子
675	後学期	後学期	火1	21013202	Academic English for the Second Year Ⅱ（Ⅰ類・C）	中田　真巳子
676	後学期	後学期	火1	21013203	Academic English for the Second Year Ⅱ（Ⅰ類・I）	Scott Mclellan
677	後学期	後学期	火1	21013204	Academic English for the Second Year Ⅱ（Ⅰ類・D）	本多　幸七郎
678	後学期	後学期	火1	21013205	Academic English for the Second Year Ⅱ（Ⅰ類・E）	HIGUCHI SONIA
679	後学期	後学期	火1	21013206	Academic English for the Second Year Ⅱ（Ⅰ類・F）	岩崎　峻一
680	後学期	後学期	火1	21013207	Academic English for the Second Year Ⅱ（Ⅰ類・G）	ｽﾃｲｰﾌﾞﾝ ﾀﾛｳ ｽｽﾞｷ
681	後学期	後学期	火1	21013208	Academic English for the Second Year Ⅱ（Ⅰ類・B）	Hauser　Eric
682	後学期	後学期	火1	21013225	Academic English for the Second Year Ⅱ（Ⅰ類・H）	Mulia Teguh Nguyen
683	後学期	後学期	火1	21017201	UEC Academic Skills Ⅰ (Computer Literacy) （言語文化）	Choo　Cheow　Keong
684	後学期	後学期	火1	21017205	UEC Academic Skills Ⅰ (Computer Literacy) （上級科目）	Choo　Cheow　Keong
685	後学期	後学期	火1	21019212	微分積分学第二（クラス１２）	林　誠
686	後学期	後学期	火1	21024203	基礎物理学演習第二	Hans-Georg Matuttis
687	後学期	後学期	火1	21124230	離散数理工学	岡本　吉央
688	後学期	後学期	火1	21222216	応用数学Ｂ	鈴木　淳
689	後学期	後学期	火1	21224209	論理回路学	安達　宏一
690	後学期	後学期	火1	21224225	ハードウェアセキュリティ	﨑山　一男
691	後学期	後学期	火1	21224236	伝送回路論	和田　光司
692	後学期	後学期	火1	21324212	無機化学	石田　尚行
693	後学期	後学期	火1	21324235	計算数理工学	中村　淳
694	後学期	後学期	火1, 火2	21224248	流体力学および演習（Ⅱ類）	井上（洋）・守
695	後学期	後学期	火1, 火2	21322211	電磁気学および演習（クラスA）	宮本　洋子
696	後学期	後学期	火1, 火2	21324216	流体力学および演習（Ⅲ類）	井上（洋）・守
697	後学期	後学期	火2	21012237	Academic Spoken English Ⅱ（火2・A）	奥　浩昭
698	後学期	後学期	火2	21012238	Academic Spoken English Ⅱ（火2・B）	Atsuko Marie Jeffreys
699	後学期	後学期	火2	21012239	Academic Spoken English Ⅱ（火2・C）	Eric Hauser
700	後学期	後学期	火2	21012240	Academic Spoken English Ⅱ（火2・D）	Derr, Jonathan
701	後学期	後学期	火2	21012241	Academic Spoken English Ⅱ（火2・E）	MOREAU ROBERT
702	後学期	後学期	火2	21012242	Academic Spoken English Ⅱ（火2・F）	Sean Thornton
703	後学期	後学期	火2	21013209	Academic English for the Second Year Ⅱ（Ⅱ類・A）	大石　由紀子
704	後学期	後学期	火2	21013210	Academic English for the Second Year Ⅱ（Ⅱ類・B）	中田　真巳子
705	後学期	後学期	火2	21013211	Academic English for the Second Year Ⅱ（Ⅱ類・C）	本多　幸七郎
706	後学期	後学期	火2	21013212	Academic English for the Second Year Ⅱ（Ⅱ類・D）	HIGUCHI SONIA
707	後学期	後学期	火2	21013213	Academic English for the Second Year Ⅱ（Ⅱ類・E）	Arnold, Lee
708	後学期	後学期	火2	21013214	Academic English for the Second Year Ⅱ（Ⅱ類・F）	ｽﾃｲｰﾌﾞﾝ ﾀﾛｳ ｽｽﾞｷ
709	後学期	後学期	火2	21013215	Academic English for the Second Year Ⅱ（Ⅱ類・G）	Mulia Teguh Nguyen
710	後学期	後学期	火2	21013216	Academic English for the Second Year Ⅱ（Ⅱ類・H）	岩崎　峻一
711	後学期	後学期	火2	21013226	Academic English for the Second Year Ⅱ（Ⅱ類・I）	Scott Mclellan
712	後学期	後学期	火2	21014211	生涯スポーツ演習Ｂ（Ⅰ類）	○田中（茂）・○泉水・○宮崎・○大辻・○八幡
713	後学期	後学期	火2	21017202	UEC Academic Skills II (Information Literacy and Research) （言語文化）	Choo　Cheow　Keong
714	後学期	後学期	火2	21017206	UEC Academic Skills II (Information Literacy and Research) （上級科目）	Choo　Cheow　Keong
715	後学期	後学期	火2	21019207	微分積分学第二（クラス７）	山口　耕平
716	後学期	後学期	火2	21019209	微分積分学第二（クラス９）	林　誠
717	後学期	後学期	火2	21019220	線形代数学第二（クラス８）	山田　裕一
718	後学期	後学期	火2	21019251	物理学概論第二（クラス３）	岸本　哲夫
719	後学期	後学期	火2	21019254	物理学概論第二（クラス６）	大川　富雄
720	後学期	後学期	火2	21019258	物理学概論第二（クラス１０）	阪口　豊
721	後学期	後学期	火2	21019259	物理学概論第二（クラス１１）	石橋　功至
722	後学期	後学期	火2	21019260	物理学概論第二（クラス１２）	美濃島　薫
723	後学期	後学期	火2	21019266	基礎プログラミングおよび演習（クラス４）	工藤　俊亮
724	後学期	後学期	火2	21124214	言語認知工学	内海　彰
725	後学期	後学期	火2	21324210	基礎物理化学（クラスA）	安井　正憲
726	後学期	後学期	火2	21324211	基礎物理化学（クラスB）	樫森　与志喜
727	後学期	後学期	火2	21324242	光波工学	富田　康生
728	後学期	後学期	火2, 火3	21224222	セキュリティ情報学実験	李・﨑山・吉浦・市野
729	後学期	後学期	火2, 火3, 火4	21324225	電子工学実験第二	永井・一色・SANDHU・塚本・坂本・○落合
730	後学期	後学期	火3	21012243	Academic Spoken English Ⅱ（火3・A）	奥　浩昭
731	後学期	後学期	火3	21012244	Academic Spoken English Ⅱ（火3・B）	Joseph Robert Tabolt
732	後学期	後学期	火3	21012245	Academic Spoken English Ⅱ（火3・C）	Sean Thornton
733	後学期	後学期	火3	21012246	Academic Spoken English Ⅱ（火3・D）	Neil G. Roy
734	後学期	後学期	火3	21012247	Academic Spoken English Ⅱ（火3・E）	MOREAU ROBERT
735	後学期	後学期	火3	21012248	Academic Spoken English Ⅱ（火3・F）	Derr, Jonathan
736	後学期	後学期	火3	21013217	Academic English for the Second Year Ⅱ（Ⅲ類・A）	Eric Hauser
737	後学期	後学期	火3	21013218	Academic English for the Second Year Ⅱ（Ⅲ類・C）	Arnold, Lee
738	後学期	後学期	火3	21013219	Academic English for the Second Year Ⅱ（Ⅲ類・B）	Mulia Teguh Nguyen
739	後学期	後学期	火3	21013220	Academic English for the Second Year Ⅱ（Ⅲ類・D）	本多　幸七郎
740	後学期	後学期	火3	21013221	Academic English for the Second Year Ⅱ（Ⅲ類・E）	ｽﾃｲｰﾌﾞﾝ ﾀﾛｳ ｽｽﾞｷ
741	後学期	後学期	火3	21013222	Academic English for the Second Year Ⅱ（Ⅲ類・F）	HIGUCHI SONIA
742	後学期	後学期	火3	21013223	Academic English for the Second Year Ⅱ（Ⅲ類・G）	中田　真巳子
743	後学期	後学期	火3	21013224	Academic English for the Second Year Ⅱ（Ⅲ類・H）	Prumel Barbudo
744	後学期	後学期	火3	21013227	Academic English for the Second Year Ⅱ（Ⅲ類・I）	Scott Mclellan
745	後学期	後学期	火3	21014212	生涯スポーツ演習Ｂ（Ⅱ類）	○田中（茂）・○泉水・○宮崎・○大辻・○八幡
746	後学期	後学期	火3	21019203	微分積分学第二（クラス３）	山口　耕平
747	後学期	後学期	火3	21019210	微分積分学第二（クラス１０）	石上　嘉康
748	後学期	後学期	火3	21019217	線形代数学第二（クラス５）	大野　真裕
749	後学期	後学期	火3	21019218	線形代数学第二（クラス６）	山田　裕一
750	後学期	後学期	火3	21019225	解析学（クラス１）	石田　晴久
751	後学期	後学期	火3	21019250	物理学概論第二（クラス２）	田中　繁
752	後学期	後学期	火3	21019252	物理学概論第二（クラス４）	芳原　容英
753	後学期	後学期	火3	21019257	物理学概論第二（クラス９）	來住　直人
754	後学期	後学期	火3	21124203	形式言語理論	西野　哲朗
755	後学期	後学期	火3	21124206	品質管理第一	田中（健）・椿・西・金・山本（渉）
756	後学期	後学期	火3	21124207	数値計算	緒方　秀教
757	後学期	後学期	火3	21124229	数理計画法	村松　正和
758	後学期	後学期	火3	21324244	高分子有機化学	平野　誉
759	後学期	後学期	火3, 火4	21224245	マシンデザインＢ（Ⅱ類）	森重　功一
760	後学期	後学期	火3, 火4	21324214	マシンデザインＢ（Ⅲ類）	森重　功一
761	後学期	後学期	火4	21012249	Academic Spoken English Ⅱ（火4・B）	Scott Mclellan
762	後学期	後学期	火4	21012250	Academic Spoken English Ⅱ（火4・C）	Prumel Barbudo
763	後学期	後学期	火4	21012251	Academic Spoken English Ⅱ（火4・D）	Joseph Robert Tabolt
764	後学期	後学期	火4	21012253	Academic Spoken English Ⅱ（火4・E）	松本　恵美子
765	後学期	後学期	火4	21012254	Academic Spoken English Ⅱ（火4・F）	Neil G. Roy
766	後学期	後学期	火4	21012255	Academic Spoken English Ⅱ（火4・A）	Atsuko Marie Jeffreys
767	後学期	後学期	火4	21014213	生涯スポーツ演習Ｂ（Ⅲ類）	○田中（茂）・○泉水・○宮崎・○大辻・○八幡
768	後学期	後学期	火4	21019226	解析学（クラス２）	石田　晴久
769	後学期	後学期	火4	21019249	物理学概論第二（クラス１）	阪口　豊
770	後学期	後学期	火4	21019253	物理学概論第二（クラス５）	田中　久陽
771	後学期	後学期	火4	21019255	物理学概論第二（クラス７）	沈　青
772	後学期	後学期	火4	21019256	物理学概論第二（クラス８）	小久保　伸人
773	後学期	後学期	火4	21019273	基礎プログラミングおよび演習（クラス11）	小宮　常康
774	後学期	後学期	火4	21122207	情報領域演習第三（１クラス）	赤池　英夫
775	後学期	後学期	火4	21122211	アルゴリズム論第一（２クラス）	村尾　裕一
776	後学期	後学期	火4	21122212	アルゴリズム論第一（３クラス）	大森・新谷
777	後学期	後学期	火4	21124112	ソーシャルコンピューティング	栗原　聡
778	後学期	後学期	火4	21124215	物体認識論	柳井　啓司
779	後学期	後学期	火4	21124233	知的情報処理	古賀　久志
780	後学期	後学期	火4	21224221	計算機アーキテクチャー	﨑山　一男
781	後学期	後学期	火4	21224227	コンテンツセキュリティ	吉浦　裕
782	後学期	後学期	火4	21324231	光電子材料学	上野　芳康
783	後学期	後学期	火4	21324246	固体物理工学第二	伏屋　雄紀
784	後学期	後学期	火4	21324251	神経科学	松田　信爾
785	後学期	後学期	火5	21016206	教育の歴史	武石　典史
786	後学期	後学期	火5	21016215	Preparation for Graduate School	上原　寿和子
787	後学期	後学期	火5	21016226	応用代数学	榎本　直也
788	後学期	後学期	火5	21016227	現代化学	加固　昌寛　他
789	後学期	後学期	火5	21016228	日本の科学と技術B	濱野・マトゥティス
790	後学期	後学期	火5	21016231	体力の科学	星野　太佑
791	後学期	後学期	火5	21016232	現代社会と対人関係	大内　佑子
792	後学期	後学期	火5	21019262	物理学概論第二（再履）	佐野　一雄
793	後学期	後学期	火5	21024204	基礎物理学演習第二	中井　日佐司
794	後学期	後学期	火5	21025204	道徳教育論	西野　真由美
795	後学期	後学期	火5	21025215	情報科教育法II	中山　泰一
796	後学期	後学期	水1	21011206	文学Ｂ	常田　槙子
797	後学期	後学期	水1	21011207	美術Ｂ	久々湊　直子
798	後学期	後学期	水1	21011208	音楽Ｂ	長岡　英
799	後学期	後学期	水1	21011213	地理学Ｂ	戸田　真夏
800	後学期	後学期	水1	21013284	日本文化Ｄ	小山　慎治
801	後学期	後学期	水1	21014214	生涯スポーツ演習Ｂ（３年生以上・再履）	岡田（英）・○平田
802	後学期	後学期	水1	21016204	認知科学	久野　雅樹
803	後学期	後学期	水1	21016208	環境論	増山　浩人　他
804	後学期	後学期	水1	21018234	技術者倫理	高野倉　雅人
805	後学期	後学期	水1	21122203	離散数学	伊藤　大雄
806	後学期	後学期	水1	21122205	情報領域演習第一	中鹿・西山
807	後学期	後学期	水1	21122206	情報領域演習第一	若月・清・小山（大）
808	後学期	後学期	水1	21222203	確率統計	森田　啓義
809	後学期	後学期	水1	21222204	確率統計	川端　勉
810	後学期	後学期	水1	21222208	力学	津田　卓雄
811	後学期	後学期	水1	21222210	力学	明　愛国
812	後学期	後学期	水1	21322205	力学演習	島田　宏
813	後学期	後学期	水1	21322206	力学演習	酒井　剛
814	後学期	後学期	水1	21322207	力学演習	中川　賢一
815	後学期	後学期	水1	21322208	力学演習	宮嵜　武
816	後学期	後学期	水2	21011201	哲学Ｂ	武笠　行雄
817	後学期	後学期	水2	21011202	倫理学Ｂ	増山　浩人
818	後学期	後学期	水2	21011203	心理学Ｂ	久野　雅樹
819	後学期	後学期	水2	21011205	科学史Ｂ	佐藤　賢一
820	後学期	後学期	水2	21011210	社会学Ｂ	渡辺　彰規
821	後学期	後学期	水2	21011215	文化人類学Ｂ	森　雅文
822	後学期	後学期	水2	21013280	日本語演習	小山　慎治
823	後学期	後学期	水2	21014215	生涯スポーツ演習Ｂ（３年生以上・再履）	大河原・○平田
824	後学期	後学期	水2	21019205	微分積分学第二（クラス５）	伊東　裕也
825	後学期	後学期	水2	21019211	微分積分学第二（クラス１１）	榎本　直也
826	後学期	後学期	水2	21019216	線形代数学第二（クラス４）	大野　真裕
827	後学期	後学期	水2	21019265	基礎プログラミングおよび演習（クラス３）	末廣　尚士
828	後学期	後学期	水2	21019274	基礎プログラミングおよび演習（クラス１２）	稲葉　通将
829	後学期	後学期	水2	21024201	基礎数学演習第二	濱野　哲子
830	後学期	後学期	水2	21124222	信頼性工学	田中（健）・横川
831	後学期	後学期	水2	21124227	ハイパフォーマンスコンピューティング	山本　有作
832	後学期	後学期	水2	21224233	電子回路学	石橋　孝一郎
833	後学期	後学期	水2	21224247	現代制御工学（Ⅱ類）	小木曽　公尚
834	後学期	後学期	水2	21324221	現代制御工学（Ⅲ類）	小木曽　公尚
835	後学期	後学期	水2	21324230	光電子材料学	山口　浩一
836	後学期	後学期	水2	21324247	量子力学第二	森下　亨
837	後学期	後学期	水2, 水3, 水4	21324241	光工学実験第二	志賀（智）・上野・沈・庄司・渡辺（恵）・西岡・武者・戸倉川
838	後学期	後学期	水2, 水3, 水4	21324249	化学生命工学実験第二	石田尚・平野・狩野・安井・白川英・瀧・仲村・松田・三瓶・田仲・星野・○島田・*菅
839	後学期	後学期	水3	21019239	数学演習第二（クラス３）	関根　正幸
840	後学期	後学期	水3	21019240	数学演習第二（クラス４）	天野　友之
841	後学期	後学期	水3	21019241	数学演習第二（クラス５）	伊藤　賢一
842	後学期	後学期	水3	21019244	数学演習第二（クラス８）	三好　啓也
843	後学期	後学期	水3	21019247	数学演習第二（クラス１１）	佐藤　光樹
844	後学期	後学期	水3	21019248	数学演習第二（クラス１２）	石田　晴久
845	後学期	後学期	水3	21019276	物理学演習第二	鈴木（勝）・佐々木（成）・中村（仁）・小久保・伏屋
846	後学期	後学期	水3	21124205	生産管理	山田　哲男
847	後学期	後学期	水3	21124216	メディア論	兼子　正勝
848	後学期	後学期	水3	21222211	基礎演習Ｂ	範・鈴木（淳）
849	後学期	後学期	水3	21324209	波動と光（クラスD）	村中　隆弘
850	後学期	後学期	水3	21324229	電子デバイス	一色　秀夫
851	後学期	後学期	水3, 水4	21222213	アルゴリズムとデータ構造およびプログラミング演習	山本　嶺
852	後学期	後学期	水3, 水4	21224217	メカノデザイン（Ⅱ類）	小泉（憲）・井上・梶川・新竹・*藤本
853	後学期	後学期	水3, 水4	21224246	マシンデザインＢ（Ⅱ類）	増田　宏
854	後学期	後学期	水3, 水4	21322209	電磁気学および演習（クラスC）	富田　康生
855	後学期	後学期	水3, 水4	21322212	電磁気学および演習（クラスB）	桂川　眞幸
856	後学期	後学期	水3, 水4	21324205	メカノデザイン（Ⅲ類）	小泉・井上・梶川・新竹・*藤本
857	後学期	後学期	水3, 水4	21324215	マシンデザインＢ（Ⅲ類）	増田　宏
858	後学期	後学期	水4	21016201	内包的文脈の諸相	武笠　行雄
859	後学期	後学期	水4	21019237	数学演習第二（クラス１）	三好　啓也
860	後学期	後学期	水4	21019238	数学演習第二（クラス２）	佐藤　光樹
861	後学期	後学期	水4	21019242	数学演習第二（クラス６）	齋藤　平和
862	後学期	後学期	水4	21019243	数学演習第二（クラス７）	関根　正幸
863	後学期	後学期	水4	21019245	数学演習第二（クラス９）	石田　晴久
864	後学期	後学期	水4	21019246	数学演習第二（クラス１０）	伊藤　賢一
865	後学期	後学期	水4	21019277	物理学演習第二	鈴木（勝）・佐々木（成）・中村（仁）・小久保・伏屋
866	後学期	後学期	水4	21122210	アルゴリズム論第一（１クラス）	庄野　逸
867	後学期	後学期	水4	21224228	ネットワークセキュリティ	高田　哲司
868	後学期	後学期	水4	21224256	通信法規	中村　明
869	後学期	後学期	水5	21011204	歴史学Ｂ	倉橋　良伸
870	後学期	後学期	水5	21011209	経済学Ｂ	鈴木　邦成
871	後学期	後学期	水5	21011212	政治学Ｂ	米山　忠寛
872	後学期	後学期	水5	21011214	社会思想史Ｂ	庄司　俊之
873	後学期	後学期	水5	21016205	伝統科学と近代科学の相克	佐藤　賢一
874	後学期	後学期	水5	21016210	英米倫理学	増山　浩人
875	後学期	後学期	水5	21016229	健康の科学	鶴ヶ野　しのぶ
876	後学期	後学期	水5	21018287	Technical English － Intermediate English for Science（再履1_Engineering）	○Yim・史
877	後学期	後学期	水5	21024202	基礎数学演習第二	濱野　哲子
878	後学期	後学期	水5	21025208	教育原理B	武石　典史
879	後学期	後学期	水5, 水6	21024206	情報処理演習第二	中井　日佐司
880	後学期	後学期	木1	21013232	英語演習	Atsuko Marie Jeffreys
881	後学期	後学期	木1	21013247	独語運用演習	谷崎　秋彦
882	後学期	後学期	木1	21013250	仏語運用演習	坂井　由加里
883	後学期	後学期	木1	21013256	中国語運用演習	千葉　偉一
884	後学期	後学期	木1	21013257	中国語運用演習	范　建明
885	後学期	後学期	木1	21013258	中国語運用演習	李　偉
886	後学期	後学期	木1	21013260	韓国朝鮮語運用演習	姜　勝薫
887	後学期	後学期	木1	21015201	宇宙・地球科学	但木　謙一
888	後学期	後学期	木1	21015202	UECパスポートセミナー	鈴木　勝
889	後学期	後学期	木1	21015203	生物学	瀧　真清・松田信爾
890	後学期	後学期	木1	21015204	材料化学	小林　義男
891	後学期	後学期	木1	21017207	UEC Academic Skills III (Publishing Literacy and Research)	Choo　Cheow　Keong
892	後学期	後学期	木1	21018269	Technical English － Intermediate English for Science（I21）	Muthumaniraja　Saranyaraja
893	後学期	後学期	木1	21018270	Technical English － Intermediate English for Science（I22）	Dermot　Lonergan
894	後学期	後学期	木1	21018279	Technical English － Intermediate English for Science（E32	Helene Karma Yim
895	後学期	後学期	木1	21018280	Technical English － Intermediate English for Science（E31）	上原　寿和子
896	後学期	後学期	木1	21224238	光通信工学（Ⅱ類）	來住　直人
897	後学期	後学期	木1	21324238	回折結晶学	村中　隆弘
898	後学期	後学期	木1	21324243	光通信工学（Ⅲ類）	來住　直人
899	後学期	後学期	木2	21012281	選択独語第二	中橋　誠
900	後学期	後学期	木2	21012282	選択独語第二	谷崎　秋彦
901	後学期	後学期	木2	21012285	選択仏語第二	坂井　由加里
902	後学期	後学期	木2	21012286	選択露語第二	金沢　友緒
903	後学期	後学期	木2	21012287	選択中国語第二	范　建明
904	後学期	後学期	木2	21012288	選択中国語第二	李　偉
905	後学期	後学期	木2	21012289	選択中国語第二	千葉　偉一
906	後学期	後学期	木2	21012291	選択韓国朝鮮語第二	姜　勝薫
907	後学期	後学期	木2	21017210	Advanced Communication Engineering and Informatics Ⅲ（Computational Complexity）（学域）	垂井　淳
908	後学期	後学期	木2	21018271	Technical English － Intermediate English for Science（E26）	Muthumaniraja　Saranyaraja
909	後学期	後学期	木2	21018272	Technical English － Intermediate English for Science（E27）	Dermot　Lonergan
910	後学期	後学期	木2	21018273	Technical English － Intermediate English for Science（E28）	Arnold, Lee
911	後学期	後学期	木2	21018274	Technical English － Intermediate English for Science（E29）	上原　寿和子
912	後学期	後学期	木2	21122215	オペレーションズ・リサーチ基礎	岩﨑　敦
913	後学期	後学期	木2	21124204	形式言語理論	伊藤　大雄
914	後学期	後学期	木2	21124211	ソフトウェア工学	岩崎　英哉
915	後学期	後学期	木2	21224202	数理統計（Mエリア）	長岡　浩司
916	後学期	後学期	木2	21224207	基礎情報通信（情報通信工学プログラム）	藤井　威生
917	後学期	後学期	木2	21224210	基礎電子工学（電子情報学プログラム）	内田　和男
918	後学期	後学期	木2	21224224	暗号理論	岩本　貢
919	後学期	後学期	木2	21224240	線形システム理論	小田　弘
920	後学期	後学期	木2	21322216	プログラミング演習（クラスA）	結城　宏信
921	後学期	後学期	木2	21322217	プログラミング演習（クラスB）	森下　亨
922	後学期	後学期	木2	21324226	半導体工学	奥野　剛史
923	後学期	後学期	木2	21324253	有機化学第二	牧　昌次郎
924	後学期	後学期	木2, 木3	21124209	メディア情報学実験	小泉・児玉・坂本・高木・橋本・若月・庄野・柳井・（世話人）橋山
925	後学期	後学期	木3	21014206	健康論	岡田（英）・未定・鶴ヶ野・○北川・○服部・○小泉
926	後学期	後学期	木3	21017211	Advanced Communication Engineering and Informatics Ⅳ（Computer Algorithms）（学域）	小林　聡
927	後学期	後学期	木3	21018281	Technical English － Intermediate English for Science（E37）	Roderick Lange
928	後学期	後学期	木3	21018282	Technical English － Intermediate English for Science（E38）	Dermot　Lonergan
929	後学期	後学期	木3	21018283	Technical English － Intermediate English for Science（E39）	Adam Dabrowski
930	後学期	後学期	木3	21019202	微分積分学第二（クラス２）	大野　真裕
931	後学期	後学期	木3	21019213	線形代数学第二	陸名　雄一
932	後学期	後学期	木3	21019233	解析学（クラス９）	齋藤　平和
933	後学期	後学期	木3	21019234	解析学（クラス１０）	伊東　裕也
934	後学期	後学期	木3	21019269	基礎プログラミングおよび演習（クラス７）	織田　健
935	後学期	後学期	木3	21019270	基礎プログラミングおよび演習（クラス８）	本多　弘樹
936	後学期	後学期	木3	21122216	オペレーションズ・リサーチ基礎	由良　憲二
937	後学期	後学期	木3	21122221	応用数学第一	梶本　裕之
938	後学期	後学期	木3	21124220	オペレーションズ・リサーチ第二	岩﨑　敦
939	後学期	後学期	木3	21224212	情報通信と符号化（電子情報学プログラム）	川端　勉
940	後学期	後学期	木3	21224239	通信システム学	藤井　威生
941	後学期	後学期	木3	21324237	量子エレクトロニクス	渡邊　昌良
942	後学期	後学期	木3, 木4	21017208	Experimental Electronics Laboratory（学域）	岸本・Vohra
943	後学期	後学期	木3, 木4	21018202	基礎科学実験A	伏屋・清・伊藤(毅)・舩戸・姜・○近藤・○大石
944	後学期	後学期	木3, 木4	21018205	基礎科学実験B	山北　佳宏
945	後学期	後学期	木3, 木4	21224214	機械力学および演習（Ⅱ類）	田中　一男
946	後学期	後学期	木3, 木4	21224215	材料力学および演習（Ⅱ類）	松村　隆
947	後学期	後学期	木3, 木4	21324202	機械力学および演習（Ⅲ類）	田中　一男
948	後学期	後学期	木3, 木4	21324203	材料力学および演習（Ⅲ類）	松村　隆
949	後学期	後学期	木3, 木4	21324206	理工学基礎実験	守屋・坂本・桂川・塚本・戸倉川・Vohra・岸本
950	後学期	後学期	木4	21014204	健康論	岡田（英）・未定・鶴ヶ野・○北川・○服部・○小泉
951	後学期	後学期	木4	21016223	文化と言語	中橋　誠
952	後学期	後学期	木4	21018275	Technical English － Intermediate English for Science（I23）	Roderick Lange
953	後学期	後学期	木4	21018276	Technical English － Intermediate English for Science（I24）	Adam Dabrowski
954	後学期	後学期	木4	21018278	Technical English － Intermediate English for Science（I25）	于　燕（Yu Yan）
955	後学期	後学期	木4	21019222	線形代数学第二（クラス１０）	陸名　雄一
956	後学期	後学期	木4	21019263	基礎プログラミングおよび演習（クラス１）	兼岩　憲
957	後学期	後学期	木4	21019264	基礎プログラミングおよび演習（クラス２）	守　裕也
958	後学期	後学期	木4	21122208	情報領域演習第三（２クラス）	Belmonte Remy
959	後学期	後学期	木4	21122209	情報領域演習第三（３クラス）	小泉　直也
960	後学期	後学期	木4	21124210	ソフトウェア工学	西　康晴
961	後学期	後学期	木4	21124231	計算理論	岡本（吉）・垂井
962	後学期	後学期	木4	21224203	電磁気学第一	肖　鳳超
963	後学期	後学期	木4	21224253	生体システム工学（Ⅱ類）（M科）	小池　卓二
964	後学期	後学期	木4	21324224	生体システム工学（Ⅲ類）（S科）	小池　卓二
965	後学期	後学期	木4	21324233	熱・統計物理学応用	佐々木　成朗
966	後学期	後学期	木4	21324234	熱・統計物理学応用	森下　亨
967	後学期	後学期	木5	21012283	選択独語第二	中橋　誠
968	後学期	後学期	木5	21012290	選択中国語第二	范　建明
969	後学期	後学期	木5	21016209	倫理学と哲学の間	増山　浩人
970	後学期	後学期	木5	21016221	地域文化論	金沢　友緒
971	後学期	後学期	木5	21016230	スポーツとコミュニケーション	大河原　一憲
972	後学期	後学期	木5	21017212	Topics in Mechanical and Intelligent Systems Engineering Ⅱ（The human brain as intelligent machines）（学域）	宮脇　陽一
973	後学期	後学期	木5	21017256	学域特別講義B（日本音楽出版社協会・日本レコード協会合同寄附講座）「AI時代のエンタテイメントビジネスと著作権」	渡邉　恵理子・鈴木　勝
974	後学期	後学期	木5	21018232	イノベイティブ総合コミュニケーションデザイン２	前佛・饗庭
975	後学期	後学期	木5	21018288	Technical English － Intermediate English for Science（再履2_ICT）	于・史
976	後学期	後学期	木5	21019261	物理学概論第二（再履）	檜枝　光憲
977	後学期	後学期	木5	21019275	化学概論第二	加固　昌寛
978	後学期	後学期	木5	21224201	数理統計（Ｉエリア）	長岡　浩司
979	後学期	後学期	木5	21224219	プログラミング演習（Ⅱ類）	秋田　学
980	後学期	後学期	金1	21012201	Academic Written English Ⅱ（金1・F）	John Francis Cross
981	後学期	後学期	金1	21012202	Academic Written English Ⅱ（金1・A）	Atsuko Marie Jeffreys
982	後学期	後学期	金1	21012203	Academic Written English Ⅱ（金1・B）	Topor, F.Sigmund
983	後学期	後学期	金1	21012204	Academic Written English Ⅱ（金1・C）	田中　智子
984	後学期	後学期	金1	21012205	Academic Written English Ⅱ（金1・D）	HIGUCHI SONIA
985	後学期	後学期	金1	21012206	Academic Written English Ⅱ（金1・E）	Mulia Teguh Nguyen
986	後学期	後学期	金1	21019219	線形代数学第二（クラス７）	井上　浩一
987	後学期	後学期	金1	21019221	線形代数学第二（クラス９）	中井　洋史
988	後学期	後学期	金1	21019228	解析学（クラス４）	池田　和正
989	後学期	後学期	金1	21019236	解析学（クラス１２）	加治佐　博幸
990	後学期	後学期	金1	21024205	基礎物理学演習第二	濱野　哲子
991	後学期	後学期	金1	21122214	統計学	椿　美智子
992	後学期	後学期	金1	21122222	応用数学第一	山本　野人
993	後学期	後学期	金1	21224206	回路システム学第一	和田　光司
994	後学期	後学期	金1	21224218	計算機工学（Ⅱ類）	鮫田　芳富
995	後学期	後学期	金1	21224249	材料工学（Ⅱ類）	松村　隆
996	後学期	後学期	金1	21322218	計算機工学（Ⅲ類）	鮫田　芳富
997	後学期	後学期	金1	21324218	材料工学（Ⅲ類）	松村　隆
998	後学期	後学期	金1	21324232	熱・統計物理学基礎	尾関　之康
999	後学期	後学期	金1, 金2	21222214	アルゴリズムとデータ構造およびプログラミング演習	岩本　貢
1000	後学期	後学期	金1, 金2	21222215	アルゴリズムとデータ構造およびプログラミング演習	森田　啓義・小川　朋宏
1001	後学期	後学期	金2	21012207	Academic Written English Ⅱ（金2・F）	中田　真巳子
1002	後学期	後学期	金2	21012208	Academic Written English Ⅱ（金2・A）	Scott Mclellan
1003	後学期	後学期	金2	21012209	Academic Written English Ⅱ（金2・E）	Mulia Teguh Nguyen
1004	後学期	後学期	金2	21012210	Academic Written English Ⅱ（金2・C）	HIGUCHI SONIA
1005	後学期	後学期	金2	21012211	Academic Written English Ⅱ（金2・D）	田中　智子
1006	後学期	後学期	金2	21012212	Academic Written English Ⅱ（金2・B）	John Francis Cross
1007	後学期	後学期	金2	21018261	Technical English － Intermediate English for Science（I15	Gary Wolff
1008	後学期	後学期	金2	21018262	Technical English － Intermediate English for Science（I16）	Adam Dabrowski
1009	後学期	後学期	金2	21018263	Technical English － Intermediate English for Science（I17）	Roderick Lange
1010	後学期	後学期	金2	21018264	Technical English － Intermediate English for Science（I18）	Kathleen　Era
1011	後学期	後学期	金2	21019201	微分積分学第二（クラス１）	岡野　恵司
1012	後学期	後学期	金2	21019206	微分積分学第二（クラス6）	天野　友之
1013	後学期	後学期	金2	21019214	線形代数学第二（クラス２）	中井　洋史
1014	後学期	後学期	金2	21019215	線形代数学第二（クラス３）	阪口　豊
1015	後学期	後学期	金2	21019229	解析学（クラス5）	池田　和正
1016	後学期	後学期	金2	21019232	解析学（クラス８）	加治佐　博幸
1017	後学期	後学期	金2	21019235	解析学（クラス１１）	羽賀　淳一
1018	後学期	後学期	金2	21122219	コンピュータ設計論	吉永　努
1019	後学期	後学期	金2	21124208	数値計算	山﨑　匡
1020	後学期	後学期	金2	21124212	進化計算論	髙玉　圭樹
1021	後学期	後学期	金2	21124219	品質管理第二	椿・金・山本(渉)
1022	後学期	後学期	金2	21222212	基礎演習Ｂ	韓・和田
1023	後学期	後学期	金2	21224251	知能ロボット工学（Ⅱ類）	田中　一男
1024	後学期	後学期	金2	21322215	基礎電子回路（クラスC）	沈　青
1025	後学期	後学期	金2	21324207	波動と光（クラスB）	山口　浩一
1026	後学期	後学期	金2	21324220	知能ロボット工学（Ⅲ類）	田中　一男
1027	後学期	後学期	金2	21324228	電子回路学	志賀　智一
1028	後学期	後学期	金2	21324239	線形システム理論	曽我部　東馬
1029	後学期	後学期	金2, 金3	21224213	機械力学および演習（Ⅱ類）	小池　卓二
1030	後学期	後学期	金2, 金3	21224216	材料力学および演習（Ⅱ類）	久保木　孝
1031	後学期	後学期	金2, 金3	21224231	情報通信工学実験Ｂ１	芳原　容英
1032	後学期	後学期	金2, 金3	21224241	電子情報学実験Ｂ１	芳原　容英
1033	後学期	後学期	金2, 金3	21322210	電磁気学および演習（クラスD）	大淵　泰司
1034	後学期	後学期	金2, 金3	21324201	機械力学および演習（Ⅲ類）	小池　卓二
1035	後学期	後学期	金2, 金3	21324204	材料力学および演習（Ⅲ類）	久保木　孝
1036	後学期	後学期	金3	21012214	Academic Written English Ⅱ（金3・C）	Joseph Robert Tabolt
1037	後学期	後学期	金3	21012215	Academic Written English Ⅱ（金3・D）	田中　智子
1038	後学期	後学期	金3	21012216	Academic Written English Ⅱ（金3・E）	HIGUCHI SONIA
1039	後学期	後学期	金3	21012217	Academic Written English Ⅱ（金3・F）	Topor, F.Sigmund
1040	後学期	後学期	金3	21012218	Academic Written English Ⅱ（金3・B）	中田　真巳子
1041	後学期	後学期	金3	21012219	Academic Written English Ⅱ（金3・A）	大石　由紀子
1042	後学期	後学期	金3	21014202	健康論	安藤（創）・狩野・未定・鶴ヶ野・星野・○早川
1043	後学期	後学期	金3	21018265	Technical English － Intermediate English for Science（I12）	Gary Wolff
1044	後学期	後学期	金3	21018266	Technical English － Intermediate English for Science（I11	Adam Dabrowski
1045	後学期	後学期	金3	21018267	Technical English － Intermediate English for Science（I13）	Roderick Lange
1046	後学期	後学期	金3	21018268	Technical English － Intermediate English for Science（I14）	Sarah Cosentino
1047	後学期	後学期	金3	21019208	微分積分学第二（クラス８）	岡野　恵司
1048	後学期	後学期	金3	21019224	線形代数学第二（クラス１２）	公文　雅之
1049	後学期	後学期	金3	21019231	解析学（クラス７）	羽賀　淳一
1050	後学期	後学期	金3	21122220	コンピュータ設計論	策力木格
1051	後学期	後学期	金3	21124201	メディア情報学プログラミング演習	柳井・高玉
1052	後学期	後学期	金3	21124232	コンピュータグラフィックス	成見　哲
1053	後学期	後学期	金3	21224211	基礎電子工学（情報通信工学プログラム）	内田　和男
1054	後学期	後学期	金3	21324236	量子エレクトロニクス	清水　亮介
1055	後学期	後学期	金3	21324254	システム生物学	樫森・三瓶
1056	後学期	後学期	金3, 金4	21018203	基礎科学実験A	佐々木・菅原・吉田・○内田・○勝野・*高田・*神水
1057	後学期	後学期	金3, 金4	21018206	基礎科学実験B	小林　義男
1058	後学期	後学期	金3, 金4	21224244	メカトロニクス基礎実験Ｂ	青山・定本・杉・田中(基)・新竹・佐藤(俊)・東郷・金森・松村・遊佐・正本・榎木
1059	後学期	後学期	金3, 金4	21324213	知能機械工学基礎実験第二	青山・定本・杉・田中(基)・新竹・佐藤(俊)・東郷・金森・松村・遊佐・正本・榎木
1060	後学期	後学期	金4	21012220	Academic Written English Ⅱ（金4・B）	Scott Mclellan
1061	後学期	後学期	金4	21012221	Academic Written English Ⅱ（金4・C）	Joseph Robert Tabolt
1062	後学期	後学期	金4	21012223	Academic Written English Ⅱ（金4・A）	大石　由紀子
1063	後学期	後学期	金4	21012224	Academic Written English Ⅱ（金4・F）	Topor, F.Sigmund
1064	後学期	後学期	金4	21012225	Academic Written English Ⅱ（金4・D）	Kevin Thomas
1065	後学期	後学期	金4	21012226	Academic Written English Ⅱ（金4・E）	中田　真巳子
1066	後学期	後学期	金4	21013233	英語演習	Hauser　Eric
1067	後学期	後学期	金4	21013248	独語運用演習	野内　聡
1068	後学期	後学期	金4	21014203	健康論	安藤（創）・狩野・未定・鶴ヶ野・星野・○早川
1069	後学期	後学期	金4	21018277	Technical English － Intermediate English for Science（E36）	Adam Dabrowski
1070	後学期	後学期	金4	21018284	Technical English － Intermediate English for Science（E33））	于　燕（Yu Yan）
1071	後学期	後学期	金4	21018285	Technical English － Intermediate English for Science（E35）	Gary Wolff
1072	後学期	後学期	金4	21018286	Technical English － Intermediate English for Science（E34）	Roderick Lange
1073	後学期	後学期	金4	21019223	線形代数学第二（クラス１１）	公文　雅之
1074	後学期	後学期	金4	21124223	金融工学	山田　俊皓
1075	後学期	後学期	金4	21224226	ソフトウェアセキュリティ	市野　将嗣
1076	後学期	後学期	金4	21224232	情報通信工学実験Ｂ２	芳原　容英
1077	後学期	後学期	金4	21224242	電子情報学実験Ｂ２	芳原　容英
1078	後学期	後学期	金4	21324248	量子力学第二演習	中村　信行
1079	後学期	後学期	金4	21324250	化学生命工学演習第二	樫森・石田（尚）・白川（英）
1080	後学期	後学期	金5	21012284	選択独語第二	野内　聡
1081	後学期	後学期	金5	21013283	日本文化Ｂ	池田　裕
1082	後学期	後学期	金5	21016202	現代の世界政治	金森　俊樹
1083	後学期	後学期	金5	21016214	English for Interpersonal Communication	Hauser　Eric
1084	後学期	後学期	金5	21018289	Technical English － Intermediate English for Science（上級）	Shi Jie
1085	後学期	後学期	金5	21025113	理科教育法Ⅲ	島崎　朝彦
1086	後学期	後学期	金5	21025203	生物学概論（Ⅱ類）	白川　英樹
1087	後学期	後学期	金5	21025216	数学科教育法II	羽住　邦男
1088	後学期	後学期	金5, 金6	21222218	アルゴリズムとデータ構造およびプログラミング演習（再履）	森田　啓義・小川　朋宏
1089	後学期	後学期	他	21011211	法学Ｂ（集中）	荒邦　啓介
1090	後学期	後学期	他	21014216	生涯スポーツ演習Ｄ（スキー集中）	大河原・安藤(創)・岡田(英・狩野・星野・○新井・○布目・○千足・○泉水・○未定
1091	後学期	後学期	他	21017203	海外語学研修Ⅰ（学域・冬）（集中）	佐々木　直子
1092	後学期	後学期	他	21017204	海外語学研修Ⅱ（学域・冬）（集中）	佐々木　直子
1093	後学期	後学期	他	21019278	Exercises Ⅱ E in Physics	未定
1094	後学期	後学期	他	21025107	数学科教育法IA（集中）	牧下　英世
1095	後学期	後学期	他	21025205	教育原理A（集中）	佐々木　啓子
1096	後学期	後学期	他	21025206	生徒指導・進路指導論（集中）	滝　充
1097	後学期	後学期	他	21025207	教育方法・技術論（集中）	福本　徹
1098	後学期	後学期	他	21025210	教職論B（集中）	○堤孝晃・○赤澤紀子・武石典史
1099	後学期	後学期	他	21025211	特別支援教育総論（集中）	宇部　弘子
1100	後学期	後学期	他	21025212	教育心理学（集中）	青山　征彦
1101	後学期	後学期	他	21025218	理科教育法II（集中）	平田　昭雄
1102	後学期	後学期	他	21124236	輪講B（Ⅰ類）	成見　哲
1103	後学期	後学期	他	21124237	卒業研究B（Ⅰ類）	成見　哲
1104	後学期	後学期	他	21224254	輪講B（Ⅱ類）	正本　和人
1105	後学期	後学期	他	21224255	卒業研究B（Ⅱ類）	正本　和人
1106	後学期	後学期	他	21324255	輪講B（Ⅲ類）	水柿　義直
1107	後学期	後学期	他	21324256	卒業研究B（Ⅲ類）	水柿　義直
